address,cash_in,city_id,day_1_close_time,day_1_customer_close,day_1_customer_open,day_1_is_open,day_1_name,day_1_open_time,day_2_close_time,day_2_customer_close,day_2_customer_open,day_2_is_open,day_2_name,day_2_open_time,day_3_close_time,day_3_customer_close,day_3_customer_open,day_3_is_open,day_3_name,day_3_open_time,day_4_close_time,day_4_customer_close,day_4_customer_open,day_4_is_open,day_4_name,day_4_open_time,day_5_close_time,day_5_customer_close,day_5_customer_open,day_5_is_open,day_5_name,day_5_open_time,day_6_close_time,day_6_customer_close,day_6_customer_open,day_6_is_open,day_6_name,day_6_open_time,day_7_close_time,day_7_customer_close,day_7_customer_open,day_7_is_open,day_7_name,day_7_open_time,id,is_digital,is_nfc,is_open,latitude,longitude,name,notes,slug,type,work_hours_saturday,work_hours_sunday,work_hours_week,working_weekends
,0,3,,,,0,Bazar ertəsi,,,,,0,Çərşənbə axşamı,,,,,0,Çərşənbə,,,,,0,Cümə axşamı,,,,,0,Cümə,,,,,0,Şənbə,,,,,0,Bazar,,21,0,0,0,40.05241232725276,47.46057999031279,Ağcabədi filialı,,agcabedi-rayon-filiali,B,qeyri-iş günü,qeyri-iş günü,09:00-18:00 (Müştərilərə xidmət vaxtı 09:00-17:00),0
"Ağsu şəhəri, H. Əliyev küçəsi 109",0,7,18:00,17:00,09:00,1,Bazar ertəsi,09:00,18:00,17:00,09:00,1,Çərşənbə axşamı,09:00,18:00,17:00,09:00,1,Çərşənbə,09:00,18:00,17:00,09:00,1,Cümə axşamı,09:00,18:00,17:00,09:00,1,Cümə,09:00,,,,0,Şənbə,,,,,0,Bazar,,38,0,0,1,40.56702106182912,48.402716309069646,Ağsu filialı,,agsu-filiali,B,qeyri-iş günü,qeyri-iş günü,09:00-18:00 (Müştərilərə xidmət vaxtı 09:00-17:00),0
"Abşeron rayonu, Xırdalan şəhəri, Qəzənfər Musabəyov küçəsi bina 22",0,2,18:30,19:00,08:00,1,Bazar ertəsi,08:00,18:30,19:00,08:00,1,Çərşənbə axşamı,08:00,18:30,19:00,08:00,1,Çərşənbə,08:00,18:30,19:00,08:00,1,Cümə axşamı,08:00,18:30,19:00,08:00,1,Cümə,08:00,14:00,19:00,10:00,0,Şənbə,10:00,,,,0,Bazar,,77,0,0,1,40.4528598257688,49.75130830597639,Abşeron filialı,,absheron-rayon-filiali,B,qeyri-iş günü,qeyri-iş günü,09:00-18:00 (Müştərilərə xidmət vaxtı 09:00-17:00),1
"Bakı şəhəri, Qaradağ rayonu, Lökbatan qəsəbəsi (Sədərək Ticarət Mərkəzi daxilində)",0,1,18:00,17:00,09:00,1,Bazar ertəsi,09:00,18:00,17:00,09:00,1,Çərşənbə axşamı,09:00,18:00,17:00,09:00,1,Çərşənbə,09:00,18:00,17:00,09:00,1,Cümə axşamı,09:00,18:00,17:00,09:00,1,Cümə,09:00,,,,0,Şənbə,,,,,0,Bazar,,78,0,0,1,40.3317261,49.7814293,Ticarət filialı,,ticaret-filiali,B,qeyri-iş günü,qeyri-iş günü,09:00-18:00 (Müştərilərə xidmət vaxtı 09:00-17:00),0
"Bakı şəhəri, Nəsimi rayonu, Bülbül prospekti 60",0,1,17:00,17:00,09:00,1,Bazar ertəsi,09:00,17:00,17:00,09:00,1,Çərşənbə axşamı,09:00,17:00,17:00,09:00,1,Çərşənbə,09:00,17:00,17:00,09:00,1,Cümə axşamı,09:00,17:00,17:00,09:00,1,Cümə,09:00,,,,0,Şənbə,,,,,0,Bazar,,89,0,0,1,40.38107163735132,49.84152146574979,Fərdi Bankçılıq bölməsi,,ferdi-bankciliq-bolmesi,B,,,09:00-17:00,0
"Bakı şəhəri, Nizami rayonu, Heydər Əliyev prospekti 172",0,1,19:00,18:00,10:00,1,Bazar ertəsi,10:00,19:00,18:00,10:00,1,Çərşənbə axşamı,10:00,19:00,18:00,10:00,1,Çərşənbə,10:00,19:00,18:00,10:00,1,Cümə axşamı,10:00,19:00,18:00,10:00,1,Cümə,10:00,19:00,19:00,10:00,1,Şənbə,10:00,19:00,19:00,10:00,1,Bazar,10:00,90,0,0,1,40.4183807,49.9124985,Bravo 3 filialı,,bravo-3-filiali,B,10:00-19:00 (Müştərilərə xidmət vaxtı 10:00-19:00),10:00-19:00 (Müştərilərə xidmət vaxtı 10:00-19:00),10:00-19:00 (Müştərilərə xidmət vaxtı 10:00-18:00),1
"Bakı şəhəri, Səbail rayonu, Bülbül prospekti 18A",0,1,18:00,17:00,09:00,1,Bazar ertəsi,09:00,18:00,17:00,09:00,1,Çərşənbə axşamı,09:00,18:00,17:00,09:00,1,Çərşənbə,09:00,18:00,17:00,09:00,1,Cümə axşamı,09:00,18:00,17:00,09:00,0,Cümə,09:00,19:00,19:00,10:00,0,Şənbə,10:00,19:00,19:00,10:00,0,Bazar,10:00,131,0,0,1,40.37214295893622,49.844818650842384,Sahil filialı,,sahil-filiali-907,B,10:00-19:00 (Müştərilərə xidmət vaxtı 10:00-19:00),10:00-19:00 (Müştərilərə xidmət vaxtı 10:00-19:00),09:00-18:00 (Müştərilərə xidmət vaxtı 09:00-17:00),1
"Bakı şəhəri, Nizami rayonu, R. Rüstəmov küçəsi, 44D",0,1,18:00,17:00,09:00,1,Bazar ertəsi,09:00,18:00,17:00,09:00,1,Çərşənbə axşamı,09:00,18:00,17:00,09:00,1,Çərşənbə,09:00,18:00,17:00,09:00,1,Cümə axşamı,09:00,18:00,17:00,09:00,1,Cümə,09:00,,,,0,Şənbə,,,,,0,Bazar,,133,0,0,1,40.4095099423086,49.94256914321402,Neftçilər filialı,,neftciler-kart-merkezi-filiali-904,B,qeyri-iş günü,qeyri-iş günü,09:00-18:00 (Müştərilərə xidmət vaxtı 09:00-17:00),0
"Nərimanov rayonu, Həsən Əliyev küçəsi, 889-cu məhəllə, ev 82",0,1,18:00,17:00,09:00,1,Bazar ertəsi,09:00,18:00,17:00,09:00,1,Çərşənbə axşamı,09:00,18:00,17:00,09:00,1,Çərşənbə,09:00,18:00,17:00,09:00,1,Cümə axşamı,09:00,18:00,17:00,09:00,1,Cümə,09:00,,,,0,Şənbə,,,,,0,Bazar,,174,0,0,1,40.401912418946644,49.84833954584166,Gənclik filialı,,genclik-filiali-615,B,qeyri-iş günü,qeyri-iş günü,09:00-18:00 (Müştərilərə xidmət vaxtı 09:00-17:00),0
"Bаkı şəhəri, Qaradağ rayonu, Bünyadzadə küçəsi",0,1,18:00,17:00,09:00,1,Bazar ertəsi,09:00,18:00,17:00,09:00,1,Çərşənbə axşamı,09:00,18:00,17:00,09:00,1,Çərşənbə,09:00,18:00,17:00,09:00,1,Cümə axşamı,09:00,18:00,17:00,09:00,1,Cümə,09:00,,,,0,Şənbə,,,,,0,Bazar,,175,0,0,1,40.32220659807489,49.73087716163619,Qaradağ filialı,,qaradag-rayon-filiali-614,B,qeyri-iş günü,qeyri-iş günü,09:00-18:00 (Müştərilərə xidmət vaxtı 09:00-17:00),0
"Suraxanı rayonu, Əmircan qəsəbəsi, Vladimir Balandin küçəsi 44",0,1,18:00,17:00,09:00,1,Bazar ertəsi,09:00,18:00,17:00,09:00,1,Çərşənbə axşamı,09:00,18:00,17:00,09:00,1,Çərşənbə,09:00,18:00,17:00,09:00,1,Cümə axşamı,09:00,18:00,17:00,09:00,1,Cümə,09:00,,14:00,10:00,0,Şənbə,,,,,0,Bazar,,178,0,0,1,40.42186059408622,50.001500486483565,Suraxanı filialı,,suraxani-rayon-filiali-611,B,qeyri-iş günü,qeyri-iş günü,09:00-18:00 (Müştərilərə xidmət vaxtı 09:00-17:00),1
"Nizami rayonu, 8-ci km qəsəbəsi, B. Nuriyev küçəsi 10A",0,1,18:00,17:00,09:00,1,Bazar ertəsi,09:00,18:00,17:00,09:00,1,Çərşənbə axşamı,09:00,18:00,17:00,09:00,1,Çərşənbə,09:00,18:00,17:00,09:00,1,Cümə axşamı,09:00,18:00,17:00,09:00,1,Cümə,09:00,,,,0,Şənbə,,,,,0,Bazar,,181,0,0,1,40.397417399094344,49.946291728975744,Xalqlar Dostluğu filialı,,xalqlar-filiali,B,qeyri-iş günü,qeyri-iş günü,09:00-18:00 (Müştərilərə xidmət vaxtı 09:00-17:00),0
"Bakı şəh., Nəsimi rayonu, Tbilisi prospekti, məhəllə 3007 (20 Yanvar Bravo hipermarketinin daxilində)",0,1,19:00,18:00,10:00,1,Bazar ertəsi,10:00,19:00,18:00,10:00,1,Çərşənbə axşamı,10:00,19:00,18:00,10:00,1,Çərşənbə,10:00,19:00,18:00,10:00,1,Cümə axşamı,10:00,19:00,18:00,10:00,1,Cümə,10:00,19:00,19:00,10:00,1,Şənbə,10:00,19:00,19:00,10:00,1,Bazar,10:00,187,0,0,1,40.4015485097566,49.81099411880433,Bravo 2 filialı,,bravo-2-filiali-823,B,10:00-19:00 (Müştərilərə xidmət vaxtı 10:00-19:00),10:00-19:00 (Müştərilərə xidmət vaxtı 10:00-19:00),10:00-19:00 (Müştərilərə xidmət vaxtı 10:00-18:00),1
"Bakı şəhəri, N. Nərimanov rayonu, Təbriz küçəsi 98 a",0,1,18:00,17:00,09:00,1,Bazar ertəsi,09:00,18:00,17:00,09:00,1,Çərşənbə axşamı,09:00,18:00,17:00,09:00,1,Çərşənbə,09:00,18:00,17:00,09:00,1,Cümə axşamı,09:00,18:00,17:00,09:00,1,Cümə,09:00,,,,0,Şənbə,,,,,0,Bazar,,200,0,0,1,40.40035726266819,49.867674273080276,Təbriz filialı,,tebriz-filiali-777,B,qeyri-iş günü,qeyri-iş günü,09:00-18:00 (Müştərilərə xidmət vaxtı 09:00-17:00),0
"Bakı şəhəri, Nizami rayonu, Azər Manafov küçəsi 16",0,1,18:00,17:00,09:00,1,Bazar ertəsi,09:00,18:00,17:00,09:00,1,Çərşənbə axşamı,09:00,18:00,17:00,09:00,1,Çərşənbə,09:00,18:00,17:00,09:00,1,Cümə axşamı,09:00,18:00,17:00,09:00,1,Cümə,09:00,16:00,15:00,10:00,1,Şənbə,10:00,,,,0,Bazar,,201,0,0,1,40.4190296184597,49.93361835214919,50 saylı Notariat şöbəsi,,50-sayli-notariat-shobesi-776,B,10:00-16:00 (Müştərilərə xidmət vaxtı 10:00-15:00),qeyri-iş günü,09:00-18:00 (Müştərilərə xidmət vaxtı 09:00-17:00),0
Bakı şəh. Xəzər ray. Buzovna qəs. Rasim İmanov küç 22,0,1,18:00,17:00,09:00,1,Bazar ertəsi,09:00,18:00,17:00,09:00,1,Çərşənbə axşamı,09:00,18:00,17:00,09:00,1,Çərşənbə,09:00,18:00,17:00,09:00,1,Cümə axşamı,09:00,18:00,17:00,09:00,1,Cümə,09:00,,,,0,Şənbə,,,,,0,Bazar,,203,0,0,1,40.52649579855604,50.09840157508598,Buzovna şöbəsi,,buzovna-shobesi-761,B,qeyri-iş günü,qeyri-iş günü,09:00-18:00 (Müştərilərə xidmət vaxtı 09:00-17:00),0
Fikrət Əmirov 24 (2 saylı ASAN Kommunal),0,1,18:30,18:00,09:00,1,Bazar ertəsi,09:00,18:30,18:00,09:00,1,Çərşənbə axşamı,09:00,18:30,18:00,09:00,1,Çərşənbə,09:00,18:30,18:00,09:00,1,Cümə axşamı,09:00,18:30,18:00,09:00,1,Cümə,09:00,17:30,17:00,10:00,1,Şənbə,09:30,,,,0,Bazar,,208,0,0,1,40.40927551957306,49.86707416971347,Dəmiryol şöbəsi,,demiryol-shobesi-749,B,09:30-17:30 (Müştərilərə xidmət vaxtı 10:00-17:00),,09:00-18:30 (Müştərilərə xidmət vaxtı 09:00-18:00),0
"Bakı şəhəri, Xətai rayonu, Əhmədli qəsəbəsi, Ramiz Quliyev küçəsi 4",0,1,19:00,18:00,10:00,1,Bazar ertəsi,10:00,19:00,18:00,10:00,1,Çərşənbə axşamı,10:00,19:00,18:00,10:00,1,Çərşənbə,10:00,19:00,18:00,10:00,1,Cümə axşamı,10:00,19:00,18:00,10:00,1,Cümə,10:00,19:00,19:00,10:00,1,Şənbə,10:00,19:00,19:00,10:00,1,Bazar,10:00,209,0,0,1,40.37475492597779,49.94484112235593,Bravo 1 filialı,,bravo-1-filiali-745,B,10:00-19:00 (Müştərilərə xidmət vaxtı 10:00-19:00),10:00-19:00 (Müştərilərə xidmət vaxtı 10:00-19:00),10:00-19:00 (Müştərilərə xidmət vaxtı 10:00-18:00),1
"Bakı şəhəri, Qaradağ rayonu, Ələt qəsəbəsi, Bakı Beynəlxalq Dəniz Ticarət Limanı",0,1,12:00,12:00,00:00,1,Bazar ertəsi,00:00,12:00,12:00,00:00,1,Çərşənbə axşamı,00:00,12:00,12:00,00:00,1,Çərşənbə,00:00,12:00,12:00,00:00,1,Cümə axşamı,00:00,12:00,12:00,00:00,1,Cümə,00:00,12:00,12:00,00:00,1,Şənbə,00:00,12:00,12:00,00:00,1,Bazar,00:00,240,0,0,1,39.973233486691825,49.442786065417366,Bakı limanı şöbəsi,,baki-limani-shobesi-689,B,7 gün / 24 saat,7 gün / 24 saat,7 gün / 24 saat,0
"Bakı şəh, Nizami rayonu, Qara Qarayev prospekti 115/9",0,1,19:00,18:00,10:00,1,Bazar ertəsi,10:00,19:00,18:00,10:00,1,Çərşənbə axşamı,10:00,19:00,18:00,10:00,1,Çərşənbə,10:00,19:00,18:00,10:00,1,Cümə axşamı,10:00,19:00,18:00,10:00,1,Cümə,10:00,17:00,16:00,10:00,1,Şənbə,10:00,,,,0,Bazar,,241,0,0,1,40.3979836,49.9501953,52 saylı Notariat şöbəsi,,52-sayli-notariat-shobesi-682,B,10:00-17:00 (Müştərilərə xidmət vaxtı 10:00-16:00),qeyri-iş günü,10:00-19:00 (Müştərilərə xidmət vaxtı 10:00-18:00),0
"Bakı şəhəri, Bakıxanov qəsəbəsi, Sülh küçəsi, 8 A (4 Saylı Bakı “Asan Xidmət” Mərkəzinin inzibati  binası)",0,1,18:30,18:00,09:00,1,Bazar ertəsi,09:00,18:30,18:00,09:00,1,Çərşənbə axşamı,09:00,18:30,18:00,09:00,1,Çərşənbə,09:00,18:30,18:00,09:00,1,Cümə axşamı,09:00,18:30,18:00,09:00,1,Cümə,09:00,17:30,17:00,09:30,1,Şənbə,09:30,17:30,17:00,09:30,1,Bazar,09:30,242,0,0,1,40.421402,49.9665222,4 saylı Bakı Asan filialı,,4-sayli-baki-asan-filiali,B,09:30-17:30 (Müştərilərə xidmət vaxtı 09:30-17:00),09:30-17:30 (Müştərilərə xidmət vaxtı 09:30-17:00),09:00-18:30 (Müştərilərə xidmət vaxtı 09:00-18:00),0
"Bakı şəhəri, Yasamal rayonu, Landau küçəsi, bina 6",0,1,18:00,17:00,09:00,1,Bazar ertəsi,09:00,18:00,17:00,09:00,1,Çərşənbə axşamı,09:00,18:00,17:00,09:00,1,Çərşənbə,09:00,18:00,17:00,09:00,1,Cümə axşamı,09:00,18:00,17:00,09:00,1,Cümə,09:00,,,,0,Şənbə,,,,,0,Bazar,,243,0,0,1,40.37248226149035,49.81700488169915,Yasamal filialı,,yasamal-filiali-618,B,qeyri-iş günü,qeyri-iş günü,09:00-18:00 (Müştərilərə xidmət vaxtı 09:00-17:00),0
"Nəsimi r-nu, Asif Məhərrəmov 174",0,1,18:00,17:00,09:00,1,Bazar ertəsi,09:00,18:00,17:00,09:00,1,Çərşənbə axşamı,09:00,18:00,17:00,09:00,1,Çərşənbə,09:00,18:00,17:00,09:00,1,Cümə axşamı,09:00,18:00,17:00,09:00,1,Cümə,09:00,,14:00,10:00,0,Şənbə,,,,,0,Bazar,,245,0,0,1,40.40987996371933,49.80784120653588,Binəqədi filialı,,bineqedi-filiali-609,B,qeyri-iş günü,qeyri-iş günü,09:00-18:00 (Müştərilərə xidmət vaxtı 09:00-17:00),1
"Bakı şəhəri, Nəsimi rayonu, İ.Qasımov küçəsi 4",0,1,18:00,17:00,09:00,1,Bazar ertəsi,09:00,18:00,17:00,09:00,1,Çərşənbə axşamı,09:00,18:00,17:00,09:00,1,Çərşənbə,09:00,18:00,17:00,09:00,1,Cümə axşamı,09:00,18:00,17:00,09:00,1,Cümə,09:00,,,,0,Şənbə,,,,,0,Bazar,,246,0,0,1,40.39336377108836,49.8364635077574,Nəsimi filialı,,nesimi-filiali-608,B,qeyri-iş günü,qeyri-iş günü,09:00-18:00 (Müştərilərə xidmət vaxtı 09:00-17:00),0
"Xətai rayonu, Sarayevo küçəsi 7Q",0,1,18:00,17:00,09:00,1,Bazar ertəsi,09:00,18:00,17:00,09:00,1,Çərşənbə axşamı,09:00,18:00,17:00,09:00,1,Çərşənbə,09:00,18:00,17:00,09:00,1,Cümə axşamı,09:00,18:00,17:00,09:00,1,Cümə,09:00,,14:00,10:00,0,Şənbə,,,,,0,Bazar,,247,0,0,1,40.386642439220005,49.956370889966045,Əhmədli filialı,,ehmedli-filiali-607,B,qeyri-iş günü,qeyri-iş günü,09:00-18:00 (Müştərilərə xidmət vaxtı 09:00-17:00),1
"Səbail rayonu, Zərifə Əliyeva pr. 63",0,1,18:00,17:00,09:00,1,Bazar ertəsi,09:00,18:00,17:00,09:00,1,Çərşənbə axşamı,09:00,18:00,17:00,09:00,1,Çərşənbə,09:00,18:00,17:00,09:00,1,Cümə axşamı,09:00,18:00,17:00,09:00,1,Cümə,09:00,,,,0,Şənbə,,,,,0,Bazar,,250,0,0,1,40.370709680533324,49.84356945775485,Səbail filialı,,sebail-filiali-604,B,qeyri-iş günü,qeyri-iş günü,09:00-18:00 (Müştərilərə xidmət vaxtı 09:00-17:00),0
"Yasamal rayonu, Cəfər Cabbarlı küçəsi 5A",0,1,18:00,17:00,09:00,1,Bazar ertəsi,09:00,18:00,17:00,09:00,1,Çərşənbə axşamı,09:00,18:00,17:00,09:00,1,Çərşənbə,09:00,18:00,17:00,09:00,1,Cümə axşamı,09:00,18:00,17:00,09:00,1,Cümə,09:00,,,,0,Şənbə,,,,,0,Bazar,,251,0,0,1,40.38026907454943,49.83018988343833,Cəfər Cabbarlı filialı,,cefer-cabbarli-filiali-603,B,qeyri-iş günü,qeyri-iş günü,09:00-18:00 (Müştərilərə xidmət vaxtı 09:00-17:00),0
"Bakı şəhəri, Q.Qarayev prospekti 29",0,1,18:00,17:00,09:00,1,Bazar ertəsi,09:00,18:00,17:00,09:00,1,Çərşənbə axşamı,09:00,18:00,17:00,09:00,1,Çərşənbə,09:00,18:00,17:00,09:00,1,Cümə axşamı,09:00,18:00,17:00,09:00,1,Cümə,09:00,,14:00,10:00,0,Şənbə,,,,,0,Bazar,,252,0,0,1,40.417840808344934,49.93475521513684,Qara Qarayev filialı,,qara-qarayev-filiali-602,B,qeyri-iş günü,qeyri-iş günü,09:00-18:00 (Müştərilərə xidmət vaxtı 09:00-17:00),1
"Xətai rayonu, X.Məmmədov küçəsi 13",0,1,18:00,17:00,09:00,1,Bazar ertəsi,09:00,18:00,17:00,09:00,1,Çərşənbə axşamı,09:00,18:00,17:00,09:00,1,Çərşənbə,09:00,18:00,17:00,09:00,1,Cümə axşamı,09:00,18:00,17:00,09:00,1,Cümə,09:00,,,,0,Şənbə,,,,,0,Bazar,,255,0,0,1,40.372733520928904,49.947073452445615,Həzi Aslanov filialı,,hezi-aslanov-filiali-599,B,qeyri-iş günü,qeyri-iş günü,09:00-18:00 (Müştərilərə xidmət vaxtı 09:00-17:00),0
"Xəzər rayonu, Şüvalan kəndi, A.İldırım küçəsi 16",0,1,18:00,17:00,09:00,1,Bazar ertəsi,09:00,18:00,17:00,09:00,1,Çərşənbə axşamı,09:00,18:00,17:00,09:00,1,Çərşənbə,09:00,18:00,17:00,09:00,1,Cümə axşamı,09:00,18:00,17:00,09:00,1,Cümə,09:00,,,,0,Şənbə,,,,,0,Bazar,,256,0,0,1,40.48636010652908,50.1703951167884,Xəzər filialı,,xezer-filiali-598,B,qeyri-iş günü,qeyri-iş günü,09:00-18:00 (Müştərilərə xidmət vaxtı 09:00-17:00),0
"Bakı şəh., şəhəri, Fətəli Xan Xoyski pr., Gənclik Mall ticarət mərkəzinin -1 mərtəbəsi",0,1,21:45,21:45,10:00,1,Bazar ertəsi,10:00,21:45,21:45,10:00,1,Çərşənbə axşamı,10:00,21:45,21:45,10:00,1,Çərşənbə,10:00,21:45,21:45,10:00,1,Cümə axşamı,10:00,21:45,21:45,10:00,1,Cümə,10:00,21:45,21:45,10:00,1,Şənbə,10:00,21:45,21:45,10:00,1,Bazar,10:00,257,0,0,1,40.400179847136464,49.85265809040034,Gənclik Mall filialı,,genclik-mall-filiali-597,B,10:00-21:45 (Müştərilərə xidmət vaxtı 10:00-21:45),10:00-21:45 (Müştərilərə xidmət vaxtı 10:00-21:45),10:00-21:45 (Müştərilərə xidmət vaxtı 10:00-21:45),1
"Bakı şəhəri, Nəsimi rayonu, Bülbül prospekti 60",0,1,18:00,17:00,09:00,1,Bazar ertəsi,09:00,18:00,17:00,09:00,1,Çərşənbə axşamı,09:00,18:00,17:00,09:00,1,Çərşənbə,09:00,18:00,17:00,09:00,1,Cümə axşamı,09:00,18:00,17:00,09:00,1,Cümə,09:00,,,,0,Şənbə,,,,,0,Bazar,,258,0,0,1,40.38107163735132,49.84152146574979,Mərkəz filialı,,merkez-filiali-596,B,qeyri-iş günü,qeyri-iş günü,09:00-18:00 (Müştərilərə xidmət vaxtı 09:00-17:00),0
"Ağdam rayonu, Quzanlı kəndi",0,4,18:00,17:00,09:00,1,Bazar ertəsi,09:00,18:00,17:00,09:00,1,Çərşənbə axşamı,09:00,18:00,17:00,09:00,1,Çərşənbə,09:00,18:00,17:00,09:00,1,Cümə axşamı,09:00,18:00,17:00,09:00,1,Cümə,09:00,,14:00,10:00,0,Şənbə,,,,,0,Bazar,,314,0,0,1,40.163702081788934,47.15603666895763,Ağdam filialı,,agdam-filiali-679,B,qeyri-iş günü,qeyri-iş günü,09:00-18:00 (Müştərilərə xidmət vaxtı 09:00-17:00),1
"Аğdаş şəhəri, Hеydər Əliyеv Хiyаbаnı 6",0,5,18:00,17:00,09:00,1,Bazar ertəsi,09:00,18:00,17:00,09:00,1,Çərşənbə axşamı,09:00,18:00,17:00,09:00,1,Çərşənbə,09:00,18:00,17:00,09:00,1,Cümə axşamı,09:00,18:00,17:00,09:00,1,Cümə,09:00,,,,0,Şənbə,,,,,0,Bazar,,323,0,0,1,40.64510186823032,47.47500157064872,Ağdaş filialı,,agdash-rayon-filiali,B,qeyri-iş günü,qeyri-iş günü,09:00-18:00 (Müştərilərə xidmət vaxtı 09:00-17:00),0
"Аğstаfа şəhəri, Cəfər Cabbarlı küçəsi 25A",0,6,18:00,17:00,09:00,1,Bazar ertəsi,09:00,18:00,17:00,09:00,1,Çərşənbə axşamı,09:00,18:00,17:00,09:00,1,Çərşənbə,09:00,18:00,17:00,09:00,1,Cümə axşamı,09:00,18:00,17:00,09:00,1,Cümə,09:00,,,,0,Şənbə,,,,,0,Bazar,,327,0,0,1,41.1129723,45.44067,Ağstafa filialı,,agstafa-rayon-filiali-647,B,qeyri-iş günü,qeyri-iş günü,09:00-18:00 (Müştərilərə xidmət vaxtı 09:00-17:00),0
"Astara şəhəri, H. Əliyev prospekti 71",0,8,18:00,17:00,09:00,1,Bazar ertəsi,09:00,18:00,17:00,09:00,1,Çərşənbə axşamı,09:00,18:00,17:00,09:00,1,Çərşənbə,09:00,18:00,17:00,09:00,1,Cümə axşamı,09:00,18:00,17:00,09:00,1,Cümə,09:00,,,,0,Şənbə,,,,,0,Bazar,,336,0,0,1,38.450399595441795,48.87403545346488,Astara filialı,,astara-rayon-filiali-669,B,qeyri-iş günü,qeyri-iş günü,09:00-18:00 (Müştərilərə xidmət vaxtı 09:00-17:00),0
"Naxçıvan MR, Bаbək rayonu, Babək qəsəbəsi, H. Əliyеv prospеkti 26",0,9,18:00,17:00,09:00,1,Bazar ertəsi,09:00,18:00,17:00,09:00,1,Çərşənbə axşamı,09:00,18:00,17:00,09:00,1,Çərşənbə,09:00,18:00,17:00,09:00,1,Cümə axşamı,09:00,18:00,17:00,09:00,1,Cümə,09:00,,,,0,Şənbə,,,,,0,Bazar,,344,0,0,1,39.158184332686254,45.44564362722187,Babək filialı,,babekbabek-filiali-627,B,qeyri-iş günü,qeyri-iş günü,09:00-18:00 (Müştərilərə xidmət vaxtı 09:00-17:00),0
"Zaqatala şəhəri, H.Əliyev pr.169",0,68,18:00,17:00,09:00,1,Bazar ertəsi,09:00,18:00,17:00,09:00,1,Çərşənbə axşamı,09:00,18:00,17:00,09:00,1,Çərşənbə,09:00,18:00,17:00,09:00,1,Cümə axşamı,09:00,18:00,17:00,09:00,1,Cümə,09:00,,,,0,Şənbə,,,,,0,Bazar,,352,0,0,1,41.63048189140788,46.63924008209484,Zaqatala filialı,,zaqatala-filiali-633,B,qeyri-iş günü,qeyri-iş günü,09:00-18:00 (Müştərilərə xidmət vaxtı 09:00-17:00),0
"Bakı şəhəri, Binəqədi rayonu, 8 M/R, İbrahimpaşa Dadaşov küçəsi 3158/3156-cı məhəllə",0,1,18:00,17:00,09:00,1,Bazar ertəsi,09:00,18:00,17:00,09:00,1,Çərşənbə axşamı,09:00,18:00,17:00,09:00,1,Çərşənbə,09:00,18:00,17:00,09:00,1,Cümə axşamı,09:00,18:00,17:00,09:00,1,Cümə,09:00,,14:00,10:00,0,Şənbə,,,,,0,Bazar,,360,0,0,1,40.42200190707761,49.84252179859974,8-ci mikrorayon filialı,,8-ci-mikrorayon-filial,B,qeyri-iş günü,qeyri-iş günü,09:00-18:00 (Müştərilərə xidmət vaxtı 09:00-17:00),1
"Bakı şəhəri, Sabunçu rayonu, Zabrat qəsəbəsi, Babək küçəsi, ev 92C",0,1,18:00,17:00,09:00,1,Bazar ertəsi,09:00,18:00,17:00,09:00,1,Çərşənbə axşamı,09:00,18:00,17:00,09:00,1,Çərşənbə,09:00,18:00,17:00,09:00,1,Cümə axşamı,09:00,18:00,17:00,09:00,1,Cümə,09:00,,,,0,Şənbə,,,,,0,Bazar,,361,0,0,1,40.47568914571012,49.9499800321653,Sabunçu filialı,,sabuncu-filiali-612,B,qeyri-iş günü,qeyri-iş günü,09:00-18:00 (Müştərilərə xidmət vaxtı 09:00-17:00),0
"Bakıxanov qəsəbəsi, S.Qocayev küç.,13A, B, C",0,1,18:30,19:00,08:00,1,Bazar ertəsi,08:00,18:30,19:00,08:00,1,Çərşənbə axşamı,08:00,18:30,19:00,08:00,1,Çərşənbə,08:00,18:30,19:00,08:00,1,Cümə axşamı,08:00,18:30,19:00,08:00,1,Cümə,08:00,14:00,14:00,10:00,0,Şənbə,10:00,,,,0,Bazar,,362,0,0,1,40.41674316787991,49.965307026218376,Bakıxanov filialı,,bakixanov-filiali-613,B,qeyri-iş günü,qeyri-iş günü,09:00-18:00 (Müştərilərə xidmət vaxtı 09:00-17:00),1
"Sumqayıt şəhəri, C. Cabbarlı küçəsi 1 (40-cı məhəllə)",0,55,18:30,19:00,08:00,1,Bazar ertəsi,08:00,18:30,19:00,08:00,1,Çərşənbə axşamı,08:00,18:30,19:00,08:00,1,Çərşənbə,08:00,18:30,19:00,08:00,1,Cümə axşamı,08:00,18:30,19:00,08:00,1,Cümə,08:00,14:00,14:00,10:00,0,Şənbə,10:00,,,,0,Bazar,,364,0,0,1,40.580114433475366,49.67256649045884,Sumqayıt filialı,,sumqayit-filiali-620,B,qeyri-iş günü,qeyri-iş günü,09:00-18:00 (Müştərilərə xidmət vaxtı 09:00-17:00),1
"Sumqayıt şəhəri, 17-ci məhəllə, H.Əliyev prospekti 11/38, sahə 7",0,55,19:00,19:00,09:00,1,Bazar ertəsi,09:00,19:00,19:00,09:00,1,Çərşənbə axşamı,09:00,18:00,19:00,09:00,1,Çərşənbə,09:00,18:00,19:00,09:00,1,Cümə axşamı,09:00,18:00,19:00,09:00,1,Cümə,09:00,,14:00,10:00,0,Şənbə,,,,,0,Bazar,,365,0,0,1,40.59055912930536,49.666938833588176,Qubadlı filialı,17:30-dan sonra yalnız rəqəmsal əməliyyatlar,qubadli-filiali-621,B,qeyri-iş günü,qeyri-iş günü,09:00-18:00 (Müştərilərə xidmət vaxtı 09:00-17:00),1
"Gəncə şəhəri, Cavadxan küçəsi 24",0,20,18:00,17:00,09:00,1,Bazar ertəsi,09:00,18:00,17:00,09:00,1,Çərşənbə axşamı,09:00,18:00,17:00,09:00,1,Çərşənbə,09:00,18:00,17:00,09:00,1,Cümə axşamı,09:00,18:00,17:00,09:00,1,Cümə,09:00,,14:00,10:00,1,Şənbə,,,,,1,Bazar,,366,0,0,1,40.67460512791116,46.36009218955952,Gəncə filialı,,gence-filiali-622,B,qeyri-iş günü,qeyri-iş günü,09:00-18:00 (Müştərilərə xidmət vaxtı 09:00-17:00),1
"Gəncə şəhəri, Kəpəz rayonu, Nəriman Nərimanov prospekti 4-cü döngə, 2C",0,20,18:00,17:00,09:00,1,Bazar ertəsi,09:00,18:00,17:00,09:00,1,Çərşənbə axşamı,09:00,18:00,17:00,09:00,1,Çərşənbə,09:00,18:00,17:00,09:00,1,Cümə axşamı,09:00,18:00,17:00,09:00,1,Cümə,09:00,,,,0,Şənbə,,,,,0,Bazar,,367,0,0,1,40.677567095490694,46.3757143417757,Kəpəz filialı,,kepez-filiali-623,B,qeyri-iş günü,qeyri-iş günü,09:00-18:00 (Müştərilərə xidmət vaxtı 09:00-17:00),0
"Mingəçevir şəhəri, M.Ə.Rəsulzadə küçəsi 1A",0,43,18:00,17:00,09:00,1,Bazar ertəsi,09:00,18:00,17:00,09:00,1,Çərşənbə axşamı,09:00,18:00,17:00,09:00,1,Çərşənbə,09:00,18:00,17:00,09:00,1,Cümə axşamı,09:00,18:00,17:00,09:00,1,Cümə,09:00,,,,0,Şənbə,,,,,0,Bazar,,368,0,0,1,40.770950,47.042714,Mingəçevir şəhər filialı,,mingecevir-sheher-filiali-624,B,qeyri-iş günü,qeyri-iş günü,09:00-18:00 (Müştərilərə xidmət vaxtı 09:00-17:00),0
"Ordubad rayonu, Mənsur Ağa küç. 6",0,48,18:00,17:00,09:00,1,Bazar ertəsi,09:00,18:00,17:00,09:00,1,Çərşənbə axşamı,09:00,18:00,17:00,09:00,1,Çərşənbə,09:00,18:00,17:00,09:00,1,Cümə axşamı,09:00,18:00,17:00,09:00,1,Cümə,09:00,,,,0,Şənbə,,,,,0,Bazar,,369,0,0,1,38.904046128856244,46.02027034872708,Ordubad filialı,,ordubad-filiali-687,B,qeyri-iş günü,qeyri-iş günü,09:00-18:00 (Müştərilərə xidmət vaxtı 09:00-17:00),0
"Naxçıvan MR, Culfa şəhəri, H. Əliyev prospekti 43",0,45,18:00,17:00,09:00,1,Bazar ertəsi,09:00,18:00,17:00,09:00,1,Çərşənbə axşamı,09:00,18:00,17:00,09:00,1,Çərşənbə,09:00,18:00,17:00,09:00,1,Cümə axşamı,09:00,18:00,17:00,09:00,1,Cümə,09:00,,,,0,Şənbə,,,,,0,Bazar,,370,0,0,1,38.95621689297143,45.633928710620104,Culfa filialı,,culfa-filiali-625,B,qeyri-iş günü,qeyri-iş günü,09:00-18:00 (Müştərilərə xidmət vaxtı 09:00-17:00),0
"Naxçıvan MR, Şərur şəhəri, H.Əliyev 44A",0,61,18:00,17:00,09:00,1,Bazar ertəsi,09:00,18:00,17:00,09:00,1,Çərşənbə axşamı,09:00,18:00,17:00,09:00,1,Çərşənbə,09:00,18:00,17:00,09:00,1,Cümə axşamı,09:00,18:00,17:00,09:00,1,Cümə,09:00,,,,0,Şənbə,,,,,0,Bazar,,371,0,0,1,39.556559136351794,44.98560547330853,Şərur filialı,,sherur-filiali-626,B,qeyri-iş günü,qeyri-iş günü,09:00-18:00 (Müştərilərə xidmət vaxtı 09:00-17:00),0
"Şahbuz şəhəri, H.Əliyev pr. 15",0,57,18:00,17:00,09:00,1,Bazar ertəsi,09:00,18:00,17:00,09:00,1,Çərşənbə axşamı,09:00,18:00,17:00,09:00,1,Çərşənbə,09:00,18:00,17:00,09:00,1,Cümə axşamı,09:00,18:00,17:00,09:00,1,Cümə,09:00,,,,0,Şənbə,,,,,0,Bazar,,372,0,0,1,39.40505556592781,45.56864299632605,Şahbuz filialı,,shahbuz-filiali-688,B,qeyri-iş günü,qeyri-iş günü,09:00-18:00 (Müştərilərə xidmət vaxtı 09:00-17:00),0
"Naxçıvan MR, Sədərək rayonu, Heydərəbad qəsəbəsi",0,53,18:00,17:00,09:00,1,Bazar ertəsi,09:00,18:00,17:00,09:00,1,Çərşənbə axşamı,09:00,18:00,17:00,09:00,1,Çərşənbə,09:00,18:00,17:00,09:00,1,Cümə axşamı,09:00,18:00,17:00,09:00,1,Cümə,09:00,,,,0,Şənbə,,,,,0,Bazar,,373,0,0,1,39.723693161759364,44.84971896116675,Sədərək filialı,,sederek-filiali-628,B,qeyri-iş günü,qeyri-iş günü,09:00-18:00 (Müştərilərə xidmət vaxtı 09:00-17:00),0
"Qazax şəhəri, Heydər Əliyev pr. 65 A",0,34,18:00,17:00,09:00,1,Bazar ertəsi,09:00,18:00,17:00,09:00,1,Çərşənbə axşamı,09:00,18:00,17:00,09:00,1,Çərşənbə,09:00,18:00,17:00,09:00,1,Cümə axşamı,09:00,18:00,17:00,09:00,1,Cümə,09:00,,,,0,Şənbə,,,,,0,Bazar,,374,0,0,1,41.08875063962994,45.356830657276625,Qazax filialı,,qazax-rayon-filiali-629,B,qeyri-iş günü,qeyri-iş günü,09:00-18:00 (Müştərilərə xidmət vaxtı 09:00-17:00),0
"Bərdə şəhəri, M.Rəsulzadə küçəsi 11",0,12,18:00,17:00,09:00,1,Bazar ertəsi,09:00,18:00,17:00,09:00,1,Çərşənbə axşamı,09:00,18:00,17:00,09:00,1,Çərşənbə,09:00,18:00,17:00,09:00,1,Cümə axşamı,09:00,18:00,17:00,09:00,1,Cümə,09:00,,14:00,10:00,0,Şənbə,,,,,0,Bazar,,375,0,0,1,40.38534386436442,47.12482790416756,Bərdə filialı,,berde-filiali-631,B,qeyri-iş günü,qeyri-iş günü,09:00-18:00 (Müştərilərə xidmət vaxtı 09:00-17:00),1
"Lənkəran şəhəri, M. Nəsirli küçəsi 3",0,41,18:00,17:00,09:00,1,Bazar ertəsi,09:00,18:00,17:00,09:00,1,Çərşənbə axşamı,09:00,18:00,17:00,09:00,1,Çərşənbə,09:00,18:00,17:00,09:00,1,Cümə axşamı,09:00,18:00,17:00,09:00,1,Cümə,09:00,,,,0,Şənbə,,,,,0,Bazar,,376,0,0,1,38.75330232223717,48.85279121413192,Lənkəran şəhər filialı,,lenkeran-sheher-filiali-632,B,qeyri-iş günü,qeyri-iş günü,09:00-18:00 (Müştərilərə xidmət vaxtı 09:00-17:00),0
"Beyləqan şəhəri,G.Əsədov küçəsi 46",0,11,18:00,17:00,09:00,1,Bazar ertəsi,09:00,18:00,17:00,09:00,1,Çərşənbə axşamı,09:00,18:00,17:00,09:00,1,Çərşənbə,09:00,18:00,17:00,09:00,1,Cümə axşamı,09:00,18:00,17:00,09:00,1,Cümə,09:00,,14:00,10:00,0,Şənbə,,,,,0,Bazar,,377,0,0,1,39.77277796857929,47.61643873702003,Beyləqan filialı,,beyleqan-rayon-filiali-634,B,qeyri-iş günü,qeyri-iş günü,09:00-18:00 (Müştərilərə xidmət vaxtı 09:00-17:00),1
"Şirvan şəhəri, M. Ə. Rəsulzadə küçəsi 1",0,62,17:30,17:30,08:00,1,Bazar ertəsi,08:00,17:30,17:30,08:00,1,Çərşənbə axşamı,08:00,17:30,17:30,08:00,1,Çərşənbə,08:00,17:30,17:30,08:00,1,Cümə axşamı,08:00,17:30,17:30,08:00,1,Cümə,08:00,,,,0,Şənbə,,,,,0,Bazar,,378,0,0,1,39.95255058598073,48.944077896131084,Şirvan şəhər filialı,16:30-dan sonra yalnız rəqəmsal əməliyyatlar,shirvan-filiali-635,B,qeyri-iş günü,qeyri-iş günü,09:00-18:00 (Müştərilərə xidmət vaxtı 09:00-17:00),0
"Salyan şəhəri, H.Əliyev küçəsi 90",0,51,18:00,17:00,09:00,1,Bazar ertəsi,09:00,18:00,17:00,09:00,1,Çərşənbə axşamı,09:00,18:00,17:00,09:00,1,Çərşənbə,09:00,18:00,17:00,09:00,1,Cümə axşamı,09:00,18:00,17:00,09:00,1,Cümə,09:00,,14:00,10:00,0,Şənbə,,,,,0,Bazar,,379,0,0,1,39.59734201756883,48.98481686076884,Salyan filialı,,salyan-rayon-filiali-639,B,qeyri-iş günü,qeyri-iş günü,09:00-18:00 (Müştərilərə xidmət vaxtı 09:00-17:00),1
"Sabirabad şəhəri, H. Əliyev prospekti 33",0,50,18:00,17:00,09:00,1,Bazar ertəsi,09:00,18:00,17:00,09:00,1,Çərşənbə axşamı,09:00,18:00,17:00,09:00,1,Çərşənbə,09:00,18:00,17:00,09:00,1,Cümə axşamı,09:00,18:00,17:00,09:00,1,Cümə,09:00,,14:00,10:00,0,Şənbə,,,,,0,Bazar,,380,0,0,1,39.95325897188949,48.93574599714999,Sabirabad filialı,,sabirabad-rayon-filiali-636,B,qeyri-iş günü,qeyri-iş günü,09:00-18:00 (Müştərilərə xidmət vaxtı 09:00-17:00),1
"Tərtər şəhəri, E.Hüseynov küçəsi 9",0,63,18:00,17:00,09:00,1,Bazar ertəsi,09:00,18:00,17:00,09:00,1,Çərşənbə axşamı,09:00,18:00,17:00,09:00,1,Çərşənbə,09:00,18:00,17:00,09:00,1,Cümə axşamı,09:00,18:00,17:00,09:00,1,Cümə,09:00,,,,0,Şənbə,,,,,0,Bazar,,381,0,0,1,40.342265529585035,46.930119220173864,Tərtər filialı,,terter-filiali-640,B,qeyri-iş günü,qeyri-iş günü,09:00-18:00 (Müştərilərə xidmət vaxtı 09:00-17:00),0
"Zərdab şəhəri,H.Əliyev pr. 17",0,69,18:00,17:00,09:00,1,Bazar ertəsi,09:00,18:00,17:00,09:00,1,Çərşənbə axşamı,09:00,18:00,17:00,09:00,1,Çərşənbə,09:00,18:00,17:00,09:00,1,Cümə axşamı,09:00,18:00,17:00,09:00,1,Cümə,09:00,,,,0,Şənbə,,,,,0,Bazar,,382,0,0,1,40.22066202323987,47.71016726963062,Zərdab filialı,,zerdab-filiali-641,B,qeyri-iş günü,qeyri-iş günü,09:00-18:00 (Müştərilərə xidmət vaxtı 09:00-17:00),0
"Şəmkir şəhəri, 20 Yanvar küçəsi 2",0,60,18:00,17:00,09:00,1,Bazar ertəsi,09:00,18:00,17:00,09:00,1,Çərşənbə axşamı,09:00,18:00,17:00,09:00,1,Çərşənbə,09:00,18:00,17:00,09:00,1,Cümə axşamı,09:00,18:00,17:00,09:00,1,Cümə,09:00,,14:00,10:00,0,Şənbə,,,,,0,Bazar,,383,0,0,1,40.82901953985266,46.02380656096423,Şəmkir filialı,,shemkir-rayon-filiali-642,B,qeyri-iş günü,qeyri-iş günü,09:00-18:00 (Müştərilərə xidmət vaxtı 09:00-17:00),1
"Qusar şəhəri, H.Əliyev prospekti 127",0,38,18:00,17:00,09:00,1,Bazar ertəsi,09:00,18:00,17:00,09:00,1,Çərşənbə axşamı,09:00,18:00,17:00,09:00,1,Çərşənbə,09:00,18:00,17:00,09:00,1,Cümə axşamı,09:00,18:00,17:00,09:00,1,Cümə,09:00,,,,0,Şənbə,,,,,0,Bazar,,384,0,0,1,41.41867218544334,48.41677651884182,Qusar filialı,,qusar-rayon-filiali-643,B,qeyri-iş günü,qeyri-iş günü,09:00-18:00 (Müştərilərə xidmət vaxtı 09:00-17:00),0
"Qəbələ ray, İ. Qutqaşınlı küçəsi 50",0,35,18:00,17:00,09:00,1,Bazar ertəsi,09:00,18:00,17:00,09:00,1,Çərşənbə axşamı,09:00,18:00,17:00,09:00,1,Çərşənbə,09:00,18:00,17:00,09:00,1,Cümə axşamı,09:00,18:00,17:00,09:00,1,Cümə,09:00,,,,0,Şənbə,,,,,0,Bazar,,385,0,0,1,40.97644197710667,47.844286727427644,Qəbələ filialı,,qebele-rayon-filiali-644,B,qeyri-iş günü,qeyri-iş günü,09:00-18:00 (Müştərilərə xidmət vaxtı 09:00-17:00),0
"Goranboy şəhəri, H. Əliyev prospekti 9",0,21,18:00,17:00,09:00,1,Bazar ertəsi,09:00,18:00,17:00,09:00,1,Çərşənbə axşamı,09:00,18:00,17:00,09:00,1,Çərşənbə,09:00,18:00,17:00,09:00,1,Cümə axşamı,09:00,18:00,17:00,09:00,1,Cümə,09:00,,14:00,10:00,0,Şənbə,,,,,0,Bazar,,386,0,0,1,40.60785959423708,46.78899175084084,Goranboy filialı,,goranboy-filiali-645,B,qeyri-iş günü,qeyri-iş günü,09:00-18:00 (Müştərilərə xidmət vaxtı 09:00-17:00),1
"Biləsuvar şəhəri, H. Əliyev küçəsi 42",0,13,17:30,17:30,08:00,1,Bazar ertəsi,08:00,17:30,17:30,08:00,1,Çərşənbə axşamı,08:00,17:30,17:30,08:00,1,Çərşənbə,08:00,17:30,17:30,08:00,1,Cümə axşamı,08:00,17:30,17:30,08:00,1,Cümə,08:00,13:00,13:00,09:00,1,Şənbə,09:00,,,,0,Bazar,,388,0,0,1,39.45476366909407,48.54667824268275,Biləsuvar filialı,16:30-dan sonra yalnız rəqəmsal əməliyyatlar,siyezen-rayon-filiali-650,B,qeyri-iş günü,qeyri-iş günü,09:00-18:00 (Müştərilərə xidmət vaxtı 09:00-17:00),0
"Naftalan şəhəri, S.Qurbanov küçəsi 11",0,44,18:00,17:00,09:00,1,Bazar ertəsi,09:00,18:00,17:00,09:00,1,Çərşənbə axşamı,09:00,18:00,17:00,09:00,1,Çərşənbə,09:00,18:00,17:00,09:00,1,Cümə axşamı,09:00,18:00,17:00,09:00,1,Cümə,09:00,,,,0,Şənbə,,,,,0,Bazar,,389,0,0,1,40.50580209866929,46.81394379963507,Naftalan şəhər filialı,,naftalan-sheher-filiali-651,B,qeyri-iş günü,qeyri-iş günü,09:00-18:00 (Müştərilərə xidmət vaxtı 09:00-17:00),0
"Kürdəmir şəhəri, Babək küçəsi 47",0,32,18:00,17:00,09:00,1,Bazar ertəsi,09:00,18:00,17:00,09:00,1,Çərşənbə axşamı,09:00,18:00,17:00,09:00,1,Çərşənbə,09:00,18:00,17:00,09:00,1,Cümə axşamı,09:00,18:00,17:00,09:00,1,Cümə,09:00,,,,0,Şənbə,,,,,0,Bazar,,390,0,0,1,40.35227745273703,48.16381651900576,Kürdəmir filialı,,kurdemir-filiali-652,B,qeyri-iş günü,qeyri-iş günü,09:00-18:00 (Müştərilərə xidmət vaxtı 09:00-17:00),0
"Şabran şəhəri, M. Ə. Rəsulzadə küçəsi 16B",0,56,18:00,17:00,09:00,1,Bazar ertəsi,09:00,18:00,17:00,09:00,1,Çərşənbə axşamı,09:00,18:00,17:00,09:00,1,Çərşənbə,09:00,18:00,17:00,09:00,1,Cümə axşamı,09:00,18:00,17:00,09:00,1,Cümə,09:00,,,,0,Şənbə,,,,,0,Bazar,,391,0,0,1,41.200777652233526,48.98304982871177,Şabran filialı,,shabran-filiali-653,B,qeyri-iş günü,qeyri-iş günü,09:00-18:00 (Müştərilərə xidmət vaxtı 09:00-17:00),0
"Saatlı şəhəri, H. Əliyev prospekti 131",0,49,18:00,17:00,09:00,1,Bazar ertəsi,09:00,18:00,17:00,09:00,1,Çərşənbə axşamı,09:00,18:00,17:00,09:00,1,Çərşənbə,09:00,18:00,17:00,09:00,1,Cümə axşamı,09:00,18:00,17:00,09:00,1,Cümə,09:00,,,,0,Şənbə,,,,,0,Bazar,,392,0,0,1,39.93903997841445,48.37259646626233,Saatlı filialı,,saatli-rayon-filiali-637,B,qeyri-iş günü,qeyri-iş günü,09:00-18:00 (Müştərilərə xidmət vaxtı 09:00-17:00),0
"Masallı şəhəri, H.Əliyev prospekti 91",0,42,18:00,17:00,09:00,1,Bazar ertəsi,09:00,18:00,17:00,09:00,1,Çərşənbə axşamı,09:00,18:00,17:00,09:00,1,Çərşənbə,09:00,18:00,17:00,09:00,1,Cümə axşamı,09:00,18:00,17:00,09:00,1,Cümə,09:00,,14:00,10:00,0,Şənbə,,,,,0,Bazar,,393,0,0,1,39.02891892708028,48.66418751613544,Birbank - Masallı  filialı,,masalli-rayon-filiali-655,B,qeyri-iş günü,qeyri-iş günü,09:00-18:00 (Müştərilərə xidmət vaxtı 09:00-17:00),1
"Cəlilabad şəhəri, Azərbaycan küçəsi, 121",0,15,18:00,17:00,09:00,1,Bazar ertəsi,09:00,18:00,17:00,09:00,1,Çərşənbə axşamı,09:00,18:00,17:00,09:00,1,Çərşənbə,09:00,18:00,17:00,09:00,1,Cümə axşamı,09:00,18:00,17:00,09:00,1,Cümə,09:00,,,,0,Şənbə,,,,,0,Bazar,,394,0,0,1,39.211878038525526,48.505507763390796,Cəlilabad filialı,,celilabad-rayon-filiali-656,B,qeyri-iş günü,qeyri-iş günü,09:00-18:00 (Müştərilərə xidmət vaxtı 09:00-17:00),0
"Hacıqabul şəhəri, İ. Qayıbov küçəsi 23B",0,24,18:00,17:00,09:00,1,Bazar ertəsi,09:00,18:00,17:00,09:00,1,Çərşənbə axşamı,09:00,18:00,17:00,09:00,1,Çərşənbə,09:00,18:00,17:00,09:00,1,Cümə axşamı,09:00,18:00,17:00,09:00,1,Cümə,09:00,,,,0,Şənbə,,,,,0,Bazar,,395,0,0,1,40.0277316386113,48.935021781265874,Hacıqabul filialı,,haciqabul-rayon-filiali-638,B,qeyri-iş günü,qeyri-iş günü,09:00-18:00 (Müştərilərə xidmət vaxtı 09:00-17:00),0
"Neftçala şəhəri, H.Əliyev prospekti 33A",0,46,18:00,17:00,09:00,1,Bazar ertəsi,09:00,18:00,17:00,09:00,1,Çərşənbə axşamı,09:00,18:00,17:00,09:00,1,Çərşənbə,09:00,18:00,17:00,09:00,1,Cümə axşamı,09:00,18:00,17:00,09:00,1,Cümə,09:00,,,,0,Şənbə,,,,,0,Bazar,,396,0,0,1,39.389006958508325,49.24675054072597,Neftçala filialı,,neftcala-rayon-filiali,B,qeyri-iş günü,qeyri-iş günü,09:00-18:00 (Müştərilərə xidmət vaxtı 09:00-17:00),0
"Quba şəhəri, H. Əliyev prospekti 23",0,37,18:00,17:00,09:00,1,Bazar ertəsi,09:00,18:00,17:00,09:00,1,Çərşənbə axşamı,09:00,18:00,17:00,09:00,1,Çərşənbə,09:00,18:00,17:00,09:00,1,Cümə axşamı,09:00,18:00,17:00,09:00,1,Cümə,09:00,,,,0,Şənbə,,,,,0,Bazar,,397,0,0,1,41.35886907199199,48.50358601896769,Quba  filialı,,quba-rayon-filiali-658,B,qeyri-iş günü,qeyri-iş günü,09:00-18:00 (Müştərilərə xidmət vaxtı 09:00-17:00),0
"Xaçmaz şəhəri,  H. Z. Tağıyev küçəsi 9",0,25,18:00,17:00,09:00,1,Bazar ertəsi,09:00,18:00,17:00,09:00,1,Çərşənbə axşamı,09:00,18:00,17:00,09:00,1,Çərşənbə,09:00,18:00,17:00,09:00,1,Cümə axşamı,09:00,18:00,17:00,09:00,1,Cümə,09:00,,,,0,Şənbə,,,,,0,Bazar,,398,0,0,1,41.46318854870102,48.7952546467025,Xaçmaz  filialı,,xacmaz-filiali-659,B,qeyri-iş günü,qeyri-iş günü,09:00-18:00 (Müştərilərə xidmət vaxtı 09:00-17:00),0
"İmişli şəhəri, H. Əliyev prospekti 144",0,29,18:00,17:00,09:00,1,Bazar ertəsi,09:00,18:00,17:00,09:00,1,Çərşənbə axşamı,09:00,18:00,17:00,09:00,1,Çərşənbə,09:00,18:00,17:00,09:00,1,Cümə axşamı,09:00,18:00,17:00,09:00,1,Cümə,09:00,,14:00,10:00,0,Şənbə,,,,,0,Bazar,,399,0,0,1,39.86813577249739,48.05503323335416,İmişli filialı,,imishli-rayon-filiali-660,B,qeyri-iş günü,qeyri-iş günü,09:00-18:00 (Müştərilərə xidmət vaxtı 09:00-17:00),1
"Oğuz şəhəri, H. Aslanov küçəsi 10",0,47,18:00,17:00,09:00,1,Bazar ertəsi,09:00,18:00,17:00,09:00,1,Çərşənbə axşamı,09:00,18:00,17:00,09:00,1,Çərşənbə,09:00,18:00,17:00,09:00,1,Cümə axşamı,09:00,18:00,17:00,09:00,1,Cümə,09:00,,,,0,Şənbə,,,,,0,Bazar,,400,0,0,1,41.071784140564404,47.46331213415401,Oğuz filialı,,oguz-rayon-filiali-661,B,qeyri-iş günü,qeyri-iş günü,09:00-18:00 (Müştərilərə xidmət vaxtı 09:00-17:00),0
"Balakən şəhəri, M. Əsədov küçəsi 21",0,10,18:00,17:00,09:00,1,Bazar ertəsi,09:00,18:00,17:00,09:00,1,Çərşənbə axşamı,09:00,18:00,17:00,09:00,1,Çərşənbə,09:00,18:00,17:00,09:00,1,Cümə axşamı,09:00,18:00,17:00,09:00,1,Cümə,09:00,,,,0,Şənbə,,,,,0,Bazar,,401,0,0,1,41.72250002271381,46.40294357838069,Balakən  filialı,,balaken-rayon-filiali-662,B,qeyri-iş günü,qeyri-iş günü,09:00-18:00 (Müştərilərə xidmət vaxtı 09:00-17:00),0
"Şəki şəhəri, M.Müşfiq küçəsi 40",0,59,18:00,17:00,09:00,1,Bazar ertəsi,09:00,18:00,17:00,09:00,1,Çərşənbə axşamı,09:00,18:00,17:00,09:00,1,Çərşənbə,09:00,18:00,17:00,09:00,1,Cümə axşamı,09:00,18:00,17:00,09:00,1,Cümə,09:00,,,,0,Şənbə,,,,,0,Bazar,,402,0,0,1,41.199257108700415,47.177159019864916,Şəki  filialı,,sheki-rayon-filiali-663,B,qeyri-iş günü,qeyri-iş günü,09:00-18:00 (Müştərilərə xidmət vaxtı 09:00-17:00),0
"Qax şəhəri, Ü. Hacıbəyov küçəsi 10",0,33,18:00,17:00,09:00,1,Bazar ertəsi,09:00,18:00,17:00,09:00,1,Çərşənbə axşamı,09:00,18:00,17:00,09:00,1,Çərşənbə,09:00,18:00,17:00,09:00,1,Cümə axşamı,09:00,18:00,17:00,09:00,1,Cümə,09:00,,,,0,Şənbə,,,,,0,Bazar,,403,0,0,1,41.422146594221026,46.91397377625641,Qax filialı,,qax-rayon-filiali,B,qeyri-iş günü,qeyri-iş günü,09:00-18:00 (Müştərilərə xidmət vaxtı 09:00-17:00),0
"Gəncə şəhəri, H.Əliyev prospekti 101A",0,20,18:00,17:00,09:00,1,Bazar ertəsi,09:00,18:00,17:00,09:00,1,Çərşənbə axşamı,09:00,18:00,17:00,09:00,1,Çərşənbə,09:00,18:00,17:00,09:00,1,Cümə axşamı,09:00,18:00,17:00,09:00,1,Cümə,09:00,,,,0,Şənbə,,,,,0,Bazar,,518,0,0,1,40.68679798329542,46.36465239219415,Nizami filialı,,gence-kart-merkezi-860,B,qeyri-iş günü,qeyri-iş günü,09:00-18:00 (Müştərilərə xidmət vaxtı 09:00-17:00),0
"Siyəzən şəhəri, Əziz Əliyev küç 3",0,54,18:00,17:00,09:00,1,Bazar ertəsi,09:00,18:00,17:00,09:00,1,Çərşənbə axşamı,09:00,18:00,17:00,09:00,1,Çərşənbə,09:00,18:00,17:00,09:00,1,Cümə axşamı,09:00,18:00,17:00,09:00,1,Cümə,09:00,,,,0,Şənbə,,,,,0,Bazar,,771,0,0,1,41.07585949564536,49.112976834124865,Siyəzən filialı,,siyezen-rayon-filiali-399,B,qeyri-iş günü,qeyri-iş günü,09:00-18:00 (Müştərilərə xidmət vaxtı 09:00-17:00),0
"Qobustan şəhəri, Yeni massiv 1, ev11",0,36,18:00,17:00,09:00,1,Bazar ertəsi,09:00,18:00,17:00,09:00,1,Çərşənbə axşamı,09:00,18:00,17:00,09:00,1,Çərşənbə,09:00,18:00,17:00,09:00,1,Cümə axşamı,09:00,18:00,17:00,09:00,1,Cümə,09:00,,,,0,Şənbə,,,,,0,Bazar,,867,0,0,1,40.52867227110556,48.93762597337871,Qobustan filialı,,qobustan-rayon-filiali-665,B,qeyri-iş günü,qeyri-iş günü,09:00-18:00 (Müştərilərə xidmət vaxtı 09:00-17:00),0
"Şamaxı şəhəri, Gənclər küçəsi 33",0,58,18:00,17:00,09:00,1,Bazar ertəsi,09:00,18:00,17:00,09:00,1,Çərşənbə axşamı,09:00,18:00,17:00,09:00,1,Çərşənbə,09:00,18:00,17:00,09:00,1,Cümə axşamı,09:00,18:00,17:00,09:00,1,Cümə,09:00,,,,0,Şənbə,,,,,0,Bazar,,868,0,0,1,40.63338438363587,48.6428409800835,Şamaxı  filialı,,shamaxi-rayon-filiali-666,B,qeyri-iş günü,qeyri-iş günü,09:00-18:00 (Müştərilərə xidmət vaxtı 09:00-17:00),0
"Lerik şəhəri, C. Şahıyev küçəsi 3A",0,40,18:00,17:00,09:00,1,Bazar ertəsi,09:00,18:00,17:00,09:00,1,Çərşənbə axşamı,09:00,18:00,17:00,09:00,1,Çərşənbə,09:00,18:00,17:00,09:00,1,Cümə axşamı,09:00,18:00,17:00,09:00,1,Cümə,09:00,,,,0,Şənbə,,,,,0,Bazar,,869,0,0,1,38.77001002608787,48.42031642617513,Lerik filialı,,lerik-filiali-667,B,qeyri-iş günü,qeyri-iş günü,09:00-18:00 (Müştərilərə xidmət vaxtı 09:00-17:00),0
"Yardımlı şəhəri, H. Əliyev prospekti 41",0,66,18:00,17:00,09:00,1,Bazar ertəsi,09:00,18:00,17:00,09:00,1,Çərşənbə axşamı,09:00,18:00,17:00,09:00,1,Çərşənbə,09:00,18:00,17:00,09:00,1,Cümə axşamı,09:00,18:00,17:00,09:00,1,Cümə,09:00,,,,0,Şənbə,,,,,0,Bazar,,870,0,0,1,38.9033775,48.2338562,Yardımlı filialı,,yardimli-filiali-668,B,qeyri-iş günü,qeyri-iş günü,09:00-18:00 (Müştərilərə xidmət vaxtı 09:00-17:00),0
"Ucar şəhəri, Oğuz küç., 44.",0,65,18:00,17:00,09:00,1,Bazar ertəsi,09:00,18:00,17:00,09:00,1,Çərşənbə axşamı,09:00,18:00,17:00,09:00,1,Çərşənbə,09:00,18:00,17:00,09:00,1,Cümə axşamı,09:00,18:00,17:00,09:00,1,Cümə,09:00,,,,0,Şənbə,,,,,0,Bazar,,871,0,0,1,40.509685698832925,47.65437766144721,Ucar rayon filialı,,ucar-filiali-670,B,qeyri-iş günü,qeyri-iş günü,09:00-18:00 (Müştərilərə xidmət vaxtı 09:00-17:00),0
"İsmayıllı şəhəri, M.F. Axundov küçəsi 53 A",0,30,18:00,17:00,09:00,1,Bazar ertəsi,09:00,18:00,17:00,09:00,1,Çərşənbə axşamı,09:00,18:00,17:00,09:00,1,Çərşənbə,09:00,18:00,17:00,09:00,1,Cümə axşamı,09:00,18:00,17:00,09:00,1,Cümə,09:00,,,,0,Şənbə,,,,,0,Bazar,,872,0,0,1,40.78210599106184,48.155673622125434,İsmayıllı filialı,,ismayilli-rayon-filiali-671,B,qeyri-iş günü,qeyri-iş günü,09:00-18:00 (Müştərilərə xidmət vaxtı 09:00-17:00),0
"Göyçay rayonu, H. Z. Tağıyev küç",0,22,18:00,17:00,09:00,1,Bazar ertəsi,09:00,18:00,17:00,09:00,1,Çərşənbə axşamı,09:00,18:00,17:00,09:00,1,Çərşənbə,09:00,18:00,17:00,09:00,1,Cümə axşamı,09:00,18:00,17:00,09:00,1,Cümə,09:00,,,,0,Şənbə,,,,,0,Bazar,,873,0,0,1,40.64705452889146,47.74756350445836,Göyçay filialı,,goycay-filiali-672,B,qeyri-iş günü,qeyri-iş günü,09:00-18:00 (Müştərilərə xidmət vaxtı 09:00-17:00),0
"Yevlax şəhəri, H.Əliyev prospekti 20",0,67,18:00,17:00,09:00,1,Bazar ertəsi,09:00,18:00,17:00,09:00,1,Çərşənbə axşamı,09:00,18:00,17:00,09:00,1,Çərşənbə,09:00,18:00,17:00,09:00,1,Cümə axşamı,09:00,18:00,17:00,09:00,1,Cümə,09:00,,,,0,Şənbə,,,,,0,Bazar,,874,0,0,1,40.616462257939624,47.147917265580915,Yevlax filialı,,yevlax-filiali-673,B,qeyri-iş günü,qeyri-iş günü,09:00-18:00 (Müştərilərə xidmət vaxtı 09:00-17:00),0
"Gədəbəy şəhəri, 20 Yanvar küçəsi 4",0,19,18:00,17:00,09:00,1,Bazar ertəsi,09:00,18:00,17:00,09:00,1,Çərşənbə axşamı,09:00,18:00,17:00,09:00,1,Çərşənbə,09:00,18:00,17:00,09:00,1,Cümə axşamı,09:00,18:00,17:00,09:00,1,Cümə,09:00,,,,0,Şənbə,,,,,0,Bazar,,875,0,0,1,40.57622576319756,45.810365649726116,Gədəbəy filialı,,gedebey-rayon-filiali-674,B,qeyri-iş günü,qeyri-iş günü,09:00-18:00 (Müştərilərə xidmət vaxtı 09:00-17:00),0
"Tovuz şəhəri, Sabir küçəsi 19",0,64,18:00,17:00,09:00,1,Bazar ertəsi,09:00,18:00,17:00,09:00,1,Çərşənbə axşamı,09:00,18:00,17:00,09:00,1,Çərşənbə,09:00,18:00,17:00,09:00,1,Cümə axşamı,09:00,18:00,17:00,09:00,1,Cümə,09:00,,,,0,Şənbə,,,,,0,Bazar,,876,0,0,1,40.992073705598344,45.61739874340583,Tovuz filialı,,tovuz-filiali-675,B,qeyri-iş günü,qeyri-iş günü,09:00-18:00 (Müştərilərə xidmət vaxtı 09:00-17:00),0
"Göygöl şəhəri, H.Əliyev prospekti 45",0,23,18:00,17:00,09:00,1,Bazar ertəsi,09:00,18:00,17:00,09:00,1,Çərşənbə axşamı,09:00,18:00,17:00,09:00,1,Çərşənbə,09:00,18:00,17:00,09:00,1,Cümə axşamı,09:00,18:00,17:00,09:00,1,Cümə,09:00,,,,0,Şənbə,,,,,0,Bazar,,877,0,0,1,40.58896381594055,46.31810149213119,Göygöl filialı,,goygol-rayon-filiali-676,B,qeyri-iş günü,qeyri-iş günü,09:00-18:00 (Müştərilərə xidmət vaxtı 09:00-17:00),0
"Daşkəsən şəhəri, M. Əsədov küçəsi 14",0,17,18:00,17:00,09:00,1,Bazar ertəsi,09:00,18:00,17:00,09:00,1,Çərşənbə axşamı,09:00,18:00,17:00,09:00,1,Çərşənbə,09:00,18:00,17:00,09:00,1,Cümə axşamı,09:00,18:00,17:00,09:00,1,Cümə,09:00,,,,0,Şənbə,,,,,0,Bazar,,878,0,0,1,40.52138939102746,46.0826557705699,Daşkəsən filialı,,dashkesen-rayon-filiali-677,B,qeyri-iş günü,qeyri-iş günü,09:00-18:00 (Müştərilərə xidmət vaxtı 09:00-17:00),0
"Samux rayonu, Nəbiağalı qəsəbəsi, Nəriman Nərimanov küçəsi, 9",0,52,18:00,17:00,09:00,1,Bazar ertəsi,09:00,18:00,17:00,09:00,1,Çərşənbə axşamı,09:00,18:00,17:00,09:00,1,Çərşənbə,09:00,18:00,17:00,09:00,1,Cümə axşamı,09:00,18:00,17:00,09:00,1,Cümə,09:00,,,,0,Şənbə,,,,,0,Bazar,,879,0,0,1,40.76560935188677,46.40473204927059,Samux filialı,,samux-rayon-filiali-678,B,qeyri-iş günü,qeyri-iş günü,09:00-18:00 (Müştərilərə xidmət vaxtı 09:00-17:00),0
"Füzuli rayonu, Horadiz şəhəri, 20 yanvar küçəsi 12",0,18,18:00,17:00,09:00,1,Bazar ertəsi,09:00,18:00,17:00,09:00,1,Çərşənbə axşamı,09:00,18:00,17:00,09:00,1,Çərşənbə,09:00,18:00,17:00,09:00,1,Cümə axşamı,09:00,18:00,17:00,09:00,1,Cümə,09:00,,14:00,10:00,0,Şənbə,,,,,0,Bazar,,880,0,0,1,39.44766767940643,47.33900228133563,Füzuli filialı,,fuzuli-rayon-filiali-684,B,qeyri-iş günü,qeyri-iş günü,09:00-18:00 (Müştərilərə xidmət vaxtı 09:00-17:00),1
"Kəngərli rayonu, Qıvraq qəs.",0,31,18:00,17:00,09:00,1,Bazar ertəsi,09:00,18:00,17:00,09:00,1,Çərşənbə axşamı,09:00,18:00,17:00,09:00,1,Çərşənbə,09:00,18:00,17:00,09:00,1,Cümə axşamı,09:00,18:00,17:00,09:00,1,Cümə,09:00,,,,0,Şənbə,,,,,0,Bazar,,882,0,0,1,39.39973122817569,45.113075768644705,Kəngərli filialı,,kengerli-filiali-685,B,qeyri-iş günü,qeyri-iş günü,09:00-18:00 (Müştərilərə xidmət vaxtı 09:00-17:00),0
"Masallı şəhəri, M.Talışxanov prospekti, ASAN xidmət",0,42,18:00,17:00,09:00,1,Bazar ertəsi,09:00,18:00,17:00,09:00,1,Çərşənbə axşamı,09:00,18:00,17:00,09:00,1,Çərşənbə,09:00,18:00,17:00,09:00,1,Cümə axşamı,09:00,18:00,17:00,09:00,1,Cümə,09:00,16:30,16:00,09:00,1,Şənbə,09:00,16:30,16:00,09:00,1,Bazar,09:00,884,0,0,1,39.02003025914203,48.69205344748384,Cənub filialı,,cenub-filiali-795,B,09:00-16:30 (Müştərilərə xidmət vaxtı 09:00-16:00),09:00-16:30 (Müştərilərə xidmət vaxtı 09:00-16:00),09:00-18:00 (Müştərilərə xidmət vaxtı 09:00-17:00),0
"Quba şəh., Heydər Əliyev pr. (Quba regional “ASAN xidmət mərkəzinin Quba ASAN Həyat kompleksində)",0,37,18:00,17:00,09:00,1,Bazar ertəsi,09:00,18:00,17:00,09:00,1,Çərşənbə axşamı,09:00,18:00,17:00,09:00,1,Çərşənbə,09:00,18:00,17:00,09:00,1,Cümə axşamı,09:00,18:00,17:00,09:00,1,Cümə,09:00,16:30,16:00,09:00,1,Şənbə,09:00,16:30,16:00,09:00,1,Bazar,09:00,886,0,0,1,41.36449176852465,48.55519641580866,Şimal filialı,,shimal-filiali-824,B,09:00-16:30 (Müştərilərə xidmət vaxtı 09:00-16:00),09:00-16:30 (Müştərilərə xidmət vaxtı 09:00-16:00),09:00-18:00 (Müştərilərə xidmət vaxtı 09:00-17:00),0
"Mingəçevir şəhəri, Heydər Əliyev prospekti 380 (ASAN xidmət mərkəzində)",0,43,18:00,17:00,09:00,1,Bazar ertəsi,09:00,18:00,17:00,09:00,1,Çərşənbə axşamı,09:00,18:00,17:00,09:00,1,Çərşənbə,09:00,18:00,17:00,09:00,1,Cümə axşamı,09:00,18:00,17:00,09:00,1,Cümə,09:00,16:30,16:00,09:00,1,Şənbə,09:00,16:30,16:00,09:00,1,Bazar,09:00,887,0,0,1,40.77114592869218,47.03533168048879,Mingəçevir şöbəsi,,mingecevir-shobesi-903,B,09:00-16:30 (Müştərilərə xidmət vaxtı 09:00-16:00),09:00-16:30 (Müştərilərə xidmət vaxtı 09:00-16:00),09:00-18:00 (Müştərilərə xidmət vaxtı 09:00-17:00),0
"Sumqayıt şəhəri, Bakı küçəsi,15-ci məhəllə 42 d (ASAN xidmət mərkəzində)",0,55,18:30,18:00,09:00,1,Bazar ertəsi,09:00,18:30,18:00,09:00,1,Çərşənbə axşamı,09:00,18:30,18:00,09:00,1,Çərşənbə,09:00,18:30,18:00,09:00,1,Cümə axşamı,09:00,18:30,18:00,09:00,1,Cümə,09:00,16:30,16:00,09:00,1,Şənbə,09:00,16:30,16:00,09:00,1,Bazar,09:00,888,0,0,1,40.58719020497324,49.66478244004734,1 saylı Sumqayıt ASAN filialı,,1-sayli-sumqayit-asan-filiali,B,09:00-16:30 (Müştərilərə xidmət vaxtı 09:00-16:00),09:00-16:30 (Müştərilərə xidmət vaxtı 09:00-16:00),09:00-18:30 (Müştərilərə xidmət vaxtı 09:00-18:00),0
"İmişli şəhəri, S. Fətəliyev küçəsi (ASAN Xidmət Mərkəzi)",0,29,18:00,17:00,09:00,1,Bazar ertəsi,09:00,18:00,17:00,09:00,1,Çərşənbə axşamı,09:00,18:00,17:00,09:00,1,Çərşənbə,09:00,18:00,17:00,09:00,1,Cümə axşamı,09:00,18:00,17:00,09:00,1,Cümə,09:00,16:30,16:00,09:00,1,Şənbə,09:00,16:30,16:00,09:00,1,Bazar,09:00,889,0,0,1,39.87837870124703,48.08420046432352,İmişli şöbəsi,,imishli-shobesi-905,B,09:00-16:30 (Müştərilərə xidmət vaxtı 09:00-16:00),09:00-16:30 (Müştərilərə xidmət vaxtı 09:00-16:00),09:00-18:00 (Müştərilərə xidmət vaxtı 09:00-17:00),0
"Şəki şəhəri, Z. Əliyeva küçəsi, Şəki ASAN həyat kompleksi",0,59,18:00,17:00,09:00,1,Bazar ertəsi,09:00,18:00,17:00,09:00,1,Çərşənbə axşamı,09:00,18:00,17:00,09:00,1,Çərşənbə,09:00,18:00,17:00,09:00,1,Cümə axşamı,09:00,18:00,17:00,09:00,1,Cümə,09:00,16:30,16:00,09:00,1,Şənbə,09:00,16:30,16:00,09:00,1,Bazar,09:00,890,0,0,1,41.156853432501755,47.181120130719634,Şəki şöbəsi,,sheki-asan-xidmet-merkezi-shobesi-915,B,09:00-16:30 (Müştərilərə xidmət vaxtı 09:00-16:00),09:00-16:30 (Müştərilərə xidmət vaxtı 09:00-16:00),09:00-18:00 (Müştərilərə xidmət vaxtı 09:00-17:00),0
"Kürdəmir şəhəri, Atakişili kəndinin cənub-şərq hissəsi (ASAN xidmət mərkəzində)",0,32,18:00,17:00,09:00,1,Bazar ertəsi,09:00,18:00,17:00,09:00,1,Çərşənbə axşamı,09:00,18:00,17:00,09:00,1,Çərşənbə,09:00,18:00,17:00,09:00,1,Cümə axşamı,09:00,18:00,17:00,09:00,1,Cümə,09:00,16:30,16:00,09:00,1,Şənbə,09:00,16:30,16:00,09:00,1,Bazar,09:00,911,0,0,1,40.32207215090601,48.1917499572622,Kürdəmir şöbəsi,,kurdemir-shobesi,B,09:00-16:30 (Müştərilərə xidmət vaxtı 09:00-16:00),09:00-16:30 (Müştərilərə xidmət vaxtı 09:00-16:00),09:00-18:00 (Müştərilərə xidmət vaxtı 09:00-17:00),0
"Tovuz şəhəri, Aşağı quşçu kəndi inzibati ərazi idarəsi, ASAN xidmət daxilində",0,64,18:00,17:00,09:00,1,Bazar ertəsi,09:00,18:00,17:00,09:00,1,Çərşənbə axşamı,09:00,18:00,17:00,09:00,1,Çərşənbə,09:00,18:00,17:00,09:00,1,Cümə axşamı,09:00,18:00,17:00,09:00,1,Cümə,09:00,16:30,16:00,09:00,1,Şənbə,09:00,16:30,16:00,09:00,1,Bazar,09:00,913,0,0,1,40.98150835610008,45.65759597834275,Tovuz şöbəsi,,tovuz-shobesi,B,09:00-16:30 (Müştərilərə xidmət vaxtı 09:00-16:00),09:00-16:30 (Müştərilərə xidmət vaxtı 09:00-16:00),09:00-18:00 (Müştərilərə xidmət vaxtı 09:00-17:00),0
"Naxçıvan şəhəri, İstiqlal küç. 85",0,45,18:00,17:00,09:00,1,Bazar ertəsi,09:00,18:00,17:00,09:00,1,Çərşənbə axşamı,09:00,18:00,17:00,09:00,1,Çərşənbə,09:00,18:00,17:00,09:00,1,Cümə axşamı,09:00,18:00,17:00,09:00,1,Cümə,09:00,,,,0,Şənbə,,,,,0,Bazar,,919,0,0,1,39.21275539195221,45.410540535260346,Naxçıvan filialı,,naxcivan-filiali,B,qeyri-iş günü,qeyri-iş günü,09:00-18:00 (Müştərilərə xidmət vaxtı 09:00-17:00),0
"Ağcabədi rayonu, Üzeyir Hacıbəyli prospekti (ASAN xidmət daxilində)",0,3,18:00,17:00,09:00,1,Bazar ertəsi,09:00,18:00,17:00,09:00,1,Çərşənbə axşamı,09:00,18:00,17:00,09:00,1,Çərşənbə,09:00,18:00,17:00,09:00,1,Cümə axşamı,09:00,18:00,17:00,09:00,1,Cümə,09:00,16:30,16:00,09:00,1,Şənbə,09:00,16:30,16:00,09:00,1,Bazar,09:00,920,0,0,1,40.055728073805135,47.416698816876824,Ağcabədi şöbəsi,,agcabedi-shobesi,B,09:00-16:30 (Müştərilərə xidmət vaxtı 09:00-16:00),09:00-16:30 (Müştərilərə xidmət vaxtı 09:00-16:00),09:00-18:00 (Müştərilərə xidmət vaxtı 09:00-17:00),1
"Bakı şəhəri, Yasamal rayonu, A.M.Şərifzadə küçəsi 162",0,1,18:00,17:00,09:00,1,Bazar ertəsi,09:00,18:00,17:00,09:00,1,Çərşənbə axşamı,09:00,18:00,17:00,09:00,1,Çərşənbə,09:00,18:00,17:00,09:00,1,Cümə axşamı,09:00,18:00,17:00,09:00,1,Cümə,09:00,,14:00,10:00,0,Şənbə,,,,,0,Bazar,,924,0,0,1,40.38931435951659,49.80316549713975,İnşaatçılar filialı,,insaatcilar-filiali,B,qeyri-iş günü,qeyri-iş günü,09:00-18:00 (Müştərilərə xidmət vaxtı 09:00-17:00),1
"Şamaxı şəhəri, Şəhriyar qəsəbəsi (ASAN Xidmət Mərkəzi)",0,58,18:00,17:00,09:00,1,Bazar ertəsi,09:00,18:00,17:00,09:00,1,Çərşənbə axşamı,09:00,18:00,17:00,09:00,1,Çərşənbə,09:00,18:00,17:00,09:00,1,Cümə axşamı,09:00,18:00,17:00,09:00,1,Cümə,09:00,16:30,16:00,09:00,1,Şənbə,09:00,16:30,16:00,09:00,1,Bazar,09:00,925,0,0,1,40.61320234801101,48.664303921133246,Şamaxı şöbəsi,,shamaxi-shobesi,B,09:00-16:30 (Müştərilərə xidmət vaxtı 09:00-16:00),09:00-16:30 (Müştərilərə xidmət vaxtı 09:00-16:00),09:00-18:00 (Müştərilərə xidmət vaxtı 09:00-17:00),0
"Balakən rayonu, ""ASAN Həyat"" kompleksi",0,10,18:00,17:00,09:00,1,Bazar ertəsi,09:00,18:00,17:00,09:00,1,Çərşənbə axşamı,09:00,18:00,17:00,09:00,1,Çərşənbə,09:00,18:00,17:00,09:00,1,Cümə axşamı,09:00,18:00,17:00,09:00,1,Cümə,09:00,16:30,16:00,09:00,1,Şənbə,09:00,16:30,16:00,09:00,1,Bazar,09:00,945,0,0,1,41.7070445,46.4205046,Balakən şöbəsi,,balaken-shobesi,B,09:00-16:30 (Müştərilərə xidmət vaxtı 09:00-16:00),09:00-16:30 (Müştərilərə xidmət vaxtı 09:00-16:00),09:00-18:00 (Müştərilərə xidmət vaxtı 09:00-17:00),0
"Qazax rayonu, Qırmızı Körpü Gömrük Nəzarət buraxılış məntəqəsi",0,34,23:59,23:59,00:00,1,Bazar ertəsi,00:00,23:59,23:59,00:00,1,Çərşənbə axşamı,00:00,23:59,23:59,00:00,1,Çərşənbə,00:00,23:59,23:59,00:00,1,Cümə axşamı,00:00,23:59,23:59,00:00,1,Cümə,00:00,23:59,23:59,00:00,1,Şənbə,00:00,23:59,23:59,00:00,1,Bazar,00:00,1365,0,0,1,41.3269081,45.0783005,Qazax şöbəsi,,qazax-shobesi-297,B,7 gün / 24 saat,7 gün / 24 saat,7 gün / 24 saat,0
"Bakı şəhəri, Qaradağ rayonu, Lökbatan qəsəbəsi, Lökbatan-Qobu yolu 10",0,1,18:00,17:00,09:00,1,Bazar ertəsi,09:00,18:00,17:00,09:00,1,Çərşənbə axşamı,09:00,18:00,17:00,09:00,1,Çərşənbə,09:00,18:00,17:00,09:00,1,Cümə axşamı,,18:00,17:00,09:00,1,Cümə,09:00,,,,0,Şənbə,,,,,0,Bazar,,1367,0,0,1,40.326252,49.7573891,Logistika şöbəsi,,logistika-shobesi,B,qeyri-iş günü,qeyri-iş günü,09:00-18:00 (Müştərilərə xidmət vaxtı 09:00-17:00),0
"Bakı şəhəri, Nərimanov rayonu, Əhməd Rəcəbli küçəsi 9",0,1,17:00,17:00,09:00,1,Bazar ertəsi,09:00,17:00,17:00,09:00,1,Çərşənbə axşamı,09:00,17:00,17:00,09:00,1,Çərşənbə,09:00,17:00,17:00,09:00,1,Cümə axşamı,09:00,17:00,17:00,09:00,1,Cümə,09:00,,,,0,Şənbə,,,,,0,Bazar,,1368,0,0,1,40.40418144976618,49.867596143155055,Nərimanov filialı,,nerimanov-rayon-filiali,B,,,09:00-17:00,0
"Bakı şəh., Nərimanov ray., Atatürk pr. 36",0,1,18:00,18:00,10:00,1,Bazar ertəsi,10:00,18:00,18:00,10:00,1,Çərşənbə axşamı,10:00,18:00,18:00,10:00,1,Çərşənbə,10:00,18:00,18:00,10:00,1,Cümə axşamı,10:00,18:00,18:00,10:00,1,Cümə,10:00,,,,0,Şənbə,,,,,0,Bazar,,1370,0,0,1,40.40335556013043,49.85094249708956,38 saylı Notariat Şöbə,,38-sayli-notariat-sobe,B,,,10:00-18:00,0
"Qəbələ rayonu, Elçin Kərimov küçəsi 71 (""ASAN xidmət"" Mərkəzi"")",0,35,18:00,17:00,09:00,1,Bazar ertəsi,09:00,18:00,17:00,09:00,1,Çərşənbə axşamı,09:00,18:00,17:00,09:00,1,Çərşənbə,09:00,18:00,17:00,09:00,1,Cümə axşamı,09:00,18:00,17:00,09:00,1,Cümə,09:00,16:30,16:00,09:00,1,Şənbə,09:00,16:30,16:00,09:00,1,Bazar,09:00,1372,0,0,1,40.979726514644724,47.829412605615175,Qəbələ şöbəsi,,qebele-sobesi,B,09:00-16:30 (Müştərilərə xidmət vaxtı 09:00-16:00),09:00-16:30 (Müştərilərə xidmət vaxtı 09:00-16:00),09:00-18:00 (Müştərilərə xidmət vaxtı 09:00-17:00),0
"Bakı şəhəri, Binəqədi şossesi",0,1,18:00,17:00,09:00,1,Bazar ertəsi,09:00,18:00,17:00,09:00,1,Çərşənbə axşamı,09:00,18:00,17:00,09:00,1,Çərşənbə,09:00,18:00,17:00,09:00,1,Cümə axşamı,09:00,18:00,17:00,09:00,1,Cümə,09:00,,,,0,Şənbə,,,,,0,Bazar,,1373,0,0,1,40.43374838651857,49.8431265327235,Azadlıq filialı,,azadliq-filiali,B,qeyri-iş günü,qeyri-iş günü,09:00-18:00 (Müştərilərə xidmət vaxtı 09:00-17:00),0
"Xaçmaz şəhəri, Bakı prospekti 2E",0,25,18:30,18:00,09:00,1,Bazar ertəsi,09:00,18:30,18:00,09:00,1,Çərşənbə axşamı,09:00,18:30,18:00,09:00,1,Çərşənbə,09:00,18:30,18:00,09:00,1,Cümə axşamı,09:00,18:30,18:00,09:00,1,Cümə,09:00,,,,0,Şənbə,,,,,0,Bazar,,1375,0,0,1,41.43012451808228,48.81220821267798,Xaçmaz şöbəsi,,xachmaz-shobesi,B,,,09:00-18:30 (Müştərilərə xidmət vaxtı 09:00-18:00),0
"Bakı şəhəri, Nərimanov rayonu, Həsən Əliyev 143",0,1,18:00,17:00,09:00,1,Bazar ertəsi,09:00,18:00,17:00,09:00,1,Çərşənbə axşamı,09:00,18:00,17:00,09:00,1,Çərşənbə,09:00,18:00,17:00,09:00,1,Cümə axşamı,09:00,18:00,17:00,09:00,1,Cümə,09:00,,,,0,Şənbə,,,,,0,Bazar,,1376,0,0,1,40.408145893778,49.86354423265598,KOB mərkəzi filialı,,kob-merkezi-filiali,B,qeyri-iş günü,qeyri-iş günü,09:00-18:00 (Müştərilərə xidmət vaxtı 09:00-17:00),0
"Bakı şəhəri, Azadlıq prospekti 15a/4 (28 Mall ticarət mərkəzinin daxilində)",0,1,22:00,22:00,10:00,1,Bazar ertəsi,10:00,22:00,22:00,10:00,1,Çərşənbə axşamı,10:00,22:00,22:00,10:00,1,Çərşənbə,10:00,22:00,22:00,10:00,1,Cümə axşamı,10:00,22:00,22:00,10:00,1,Cümə,10:00,22:00,22:00,10:00,1,Şənbə,10:00,22:00,22:00,10:00,1,Bazar,10:00,1377,1,0,1,40.3790725053831,49.8467612895239,28 Mall Birbank Rəqəmsal Mərkəz,,b-08,B,10:00-22:00,10:00-22:00,10:00-22:00,0
"Bakı şəhəri, Fətəli Xan Xoyski küçəsi 14 (Gənclik Mall ticarət mərkəzinin daxilində)",0,1,22:00,22:00,10:00,1,Bazar ertəsi,10:00,22:00,22:00,10:00,1,Çərşənbə axşamı,10:00,22:00,22:00,10:00,1,Çərşənbə,10:00,22:00,22:00,10:00,1,Cümə axşamı,10:00,22:00,22:00,10:00,1,Cümə,10:00,22:00,22:00,10:00,1,Şənbə,10:00,22:00,22:00,10:00,1,Bazar,10:00,1378,1,0,1,40.40017143119143,49.85266439671273,Gənclik Mall Birbank Rəqəmsal Mərkəz,,b-07,B,10:00-22:00,10:00-22:00,10:00-22:00,1
"Bakı şəhəri, Ağa Nemətulla küçəsi 54 (Nəriman Nərimanov m/s yaxınlığında)",0,1,19:00,19:00,10:00,1,Bazar ertəsi,10:00,19:00,19:00,10:00,1,Çərşənbə axşamı,10:00,19:00,19:00,10:00,1,Çərşənbə,10:00,19:00,19:00,10:00,1,Cümə axşamı,10:00,19:00,19:00,10:00,1,Cümə,10:00,19:00,19:00,10:00,1,Şənbə,10:00,19:00,19:00,10:00,1,Bazar,10:00,1379,1,0,1,40.40515301282489,49.87046310095197,Nərimanov Birbank Rəqəmsal Mərkəz,,b-14,B,10:00-19:00,10:00-19:00,10:00-19:00,1
"Gəncə şəhəri, Gəncə-Şəmkir şossesi  (2 saylı Gəncə “ASAN xidmət” mərkəzində)",0,20,18:30,18:00,09:00,1,Bazar ertəsi,09:00,18:30,18:00,09:00,1,Çərşənbə axşamı,09:00,18:30,18:00,09:00,1,Çərşənbə,09:00,18:30,18:00,09:00,1,Cümə axşamı,09:00,18:30,18:00,09:00,1,Cümə,09:00,16:30,16:00,09:00,1,Şənbə,09:00,16:30,16:00,09:00,1,Bazar,09:00,1380,0,0,1,40.69682926901757,46.32892270004127,Qərb filialı,,qerb-filiali,B,09:00-16:30 (Müştərilərə xidmət vaxtı 09:00-16:00),09:00-16:30 (Müştərilərə xidmət vaxtı 09:00-16:00),09:00-18:30 (Müştərilərə xidmət vaxtı 09:00-18:00),0
"Bakı şəhəri, Neftçilər prospekti 26a (Dəniz Mall ticarət mərkəzinin daxilində)",0,1,22:00,22:00,10:00,1,Bazar ertəsi,10:00,22:00,22:00,10:00,1,Çərşənbə axşamı,10:00,22:00,22:00,10:00,1,Çərşənbə,10:00,22:00,22:00,10:00,1,Cümə axşamı,10:00,22:00,22:00,10:00,1,Cümə,10:00,22:00,22:00,10:00,1,Şənbə,10:00,22:00,22:00,10:00,1,Bazar,10:00,1381,1,0,1,40.358489390768895,49.83694735868121,Dəniz Mall Birbank Rəqəmsal Mərkəz,,rm-03,B,10:00-22:00,10:00-22:00,10:00-22:00,1
"Bakı şəhəri, Nərimanov rayonu, Zaur Nudirəliyev küçəsi, 83 (7 saylı Bakı ASAN xidmət mərkəzində)",0,1,18:30,18:00,09:00,1,Bazar ertəsi,09:00,18:30,18:00,09:00,1,Çərşənbə axşamı,09:00,18:30,18:00,09:00,1,Çərşənbə,09:00,18:30,18:00,09:00,1,Cümə axşamı,09:00,18:30,18:00,09:00,1,Cümə,09:00,17:30,17:00,09:00,1,Şənbə,09:00,17:30,17:00,09:00,1,Bazar,09:00,1382,0,0,1,40.41342843605662,49.855806701609445,7 saylı Bakı ASAN filialı,,7-sayli-baki-asan-filiali,B,09:30-17:30 (Müştərilərə xidmət vaxtı 09:30-17:00),09:30-17:30 (Müştərilərə xidmət vaxtı 09:30-17:00),09:00-18:30 (Müştərilərə xidmət vaxtı 09:00-18:00),0
"Bakı şəh., Xətai rayonu, Məhəmməd Hadi küçəsi 73 (H. Aslanov m. yaxınlığı)",0,1,18:00,19:00,09:00,1,Bazar ertəsi,09:00,18:00,19:00,09:00,1,Çərşənbə axşamı,09:00,18:00,19:00,09:00,1,Çərşənbə,09:00,18:00,19:00,09:00,1,Cümə axşamı,09:00,18:00,19:00,09:00,1,Cümə,09:00,,14:00,10:00,1,Şənbə,,,,,0,Bazar,,1383,0,0,1,40.37207628139291,49.9537959586714,Məhəmməd Hadi filialı,17:30-dan sonra yalnız rəqəmsal əməliyyatlar,mehemmed-hadi-filiali,B,qeyri-iş günü,qeyri-iş günü,09:00-18:00 (Müştərilərə xidmət vaxtı 09:00-17:00),0
"Zəngilan rayonu, Ağalı kəndi",0,72,18:00,17:00,09:00,1,Bazar ertəsi,09:00,18:00,17:00,09:00,1,Çərşənbə axşamı,09:00,18:00,17:00,09:00,1,Çərşənbə,09:00,18:00,17:00,09:00,1,Cümə axşamı,09:00,18:00,17:00,09:00,1,Cümə,09:00,,,,0,Şənbə,,,,,0,Bazar,,1384,0,0,1,39.17812144783559,46.75868073243745,Zəngilan filialı,,zengilan-filiali,B,qeyri-iş günü,qeyri-iş günü,09:00-18:00 (Müştərilərə xidmət vaxtı 09:00-17:00),0
"Bakı şəhəri, Yasamal rayonu, 578-ci məhəllə, Ak. Ş. Mehdiyev küçəsi 75, “Kristal Abşeron” yaşayış binası, 3-cü giriş, 1-ci mərtəbə",0,1,18:00,17:00,09:00,1,Bazar ertəsi,09:00,18:00,17:00,09:00,1,Çərşənbə axşamı,09:00,18:00,17:00,09:00,1,Çərşənbə,09:00,18:00,17:00,09:00,1,Cümə axşamı,09:00,18:00,17:00,09:00,1,Cümə,09:00,,,,0,Şənbə,,,,,0,Bazar,,1388,0,0,1,40.38069245359999,49.81605818364643,Hüseyn Cavid filialı,,huseyn-cavid-filiali,B,qeyri-iş günü,qeyri-iş günü,09:00-18:00 (Müştərilərə xidmət vaxtı 09:00-17:00),0
"AZ1025, Bakı şəhəri, Xətai rayonu Ayaz İsmayılov küçəsi 69x",0,1,18:00,17:00,09:00,1,Bazar ertəsi,09:00,18:00,17:00,09:00,1,Çərşənbə axşamı,09:00,18:00,17:00,09:00,1,Çərşənbə,09:00,18:00,17:00,09:00,1,Cümə axşamı,09:00,18:00,17:00,09:00,1,Cümə,09:00,,,,0,Şənbə,,,,,0,Bazar,,1389,0,0,1,40.383818102554635,49.872310206933314,Birbank - Zəfər filialı,,zefer-filiali,B,qeyri-iş günü,qeyri-iş günü,09:00-18:00 (Müştərilərə xidmət vaxtı 09:00-17:00),0
"Sumqayıt şəhəri, 3-cü mikrorayon, Sülh küçəsi 33D",0,55,18:00,17:00,09:00,1,Bazar ertəsi,09:00,18:00,17:00,09:00,1,Çərşənbə axşamı,09:00,18:00,17:00,09:00,1,Çərşənbə,09:00,18:00,17:00,09:00,1,Cümə axşamı,09:00,18:00,17:00,09:00,1,Cümə,09:00,,,,0,Şənbə,,,,,0,Bazar,,1392,0,0,1,40.58589251948316,49.66773798730342,Birbank - Fərhad Fərhadlı filialı,,farhad-farhadli-filiali,B,qeyri-iş günü,qeyri-iş günü,09:00-18:00 (Müştərilərə xidmət vaxtı 09:00-17:00),0
"Xırdalan şəhəri, Heydər Əliyev prospekti 31-ci məhəllə, ev 3",0,26,18:00,17:00,09:00,1,Bazar ertəsi,09:00,18:00,17:00,09:00,1,Çərşənbə axşamı,09:00,18:00,17:00,09:00,1,Çərşənbə,09:00,18:00,17:00,09:00,1,Cümə axşamı,09:00,18:00,17:00,09:00,1,Cümə,09:00,,,,0,Şənbə,,,,,0,Bazar,,1393,0,0,1,40.45347336011024,49.74026801263433,Xırdalan filialı,,xirdalan-filiali,B,qeyri-iş günü,qeyri-iş günü,09:00-18:00 (Müştərilərə xidmət vaxtı 09:00-17:00),0
"Bakı şəhəri, Nərimanov rayonu, Akademik Ziya Bünyadov küçəsi 38C, 1969-cu məhəllə",0,1,18:00,17:00,09:00,1,Bazar ertəsi,09:00,18:00,17:00,09:00,1,Çərşənbə axşamı,09:00,18:00,17:00,09:00,1,Çərşənbə,09:00,18:00,17:00,09:00,1,Cümə axşamı,09:00,18:00,17:00,09:00,1,Cümə,09:00,,,,0,Şənbə,,,,,0,Bazar,,1394,0,0,1,40.41379,49.8543751,"""KOB"" şöbəsi",,kob-sobesi,B,qeyri-iş günü,qeyri-iş günü,09:00-18:00 (Müştərilərə xidmət vaxtı 09:00-17:00),0
Salyan regional ASAN xidmət mərkəzi,0,51,18:00,17:00,09:00,1,Bazar ertəsi,09:00,18:00,17:00,09:00,1,Çərşənbə axşamı,09:00,18:00,17:00,09:00,1,Çərşənbə,09:00,18:00,17:00,09:00,1,Cümə axşamı,09:00,18:00,17:00,09:00,1,Cümə,09:00,16:30,16:00,09:00,1,Şənbə,09:00,16:30,16:00,09:00,1,Bazar,09:00,1396,0,0,1,39.61470622296784,48.97354019887634,Salyan şöbəsi,,salyan-shobesi-250,B,09:00-16:30 (Müştərilərə xidmət vaxtı 09:00-16:00),09:00-16:30 (Müştərilərə xidmət vaxtı 09:00-16:00),09:00-18:00 (Müştərilərə xidmət vaxtı 09:00-17:00),0
Culfa Gömrük keçid Məntəqəsi,0,16,23:59,23:59,00:00,1,Bazar ertəsi,00:00,23:59,23:59,00:00,1,Çərşənbə axşamı,00:00,23:59,23:59,00:00,1,Çərşənbə,00:00,23:59,23:59,00:00,1,Cümə axşamı,00:00,23:59,23:59,00:00,1,Cümə,00:00,23:59,23:59,00:00,1,Şənbə,00:00,23:59,23:59,00:00,1,Bazar,00:00,1397,0,0,1,38.94710820076387,45.63204367508405,Culfa şöbəsi,,culfa-shobesi,B,7 gün / 24 saat,7 gün / 24 saat,7 gün / 24 saat,0
Kəngərli rayonunun Şahtaxtı Gömrük keçid Məntəqəsi,0,31,04:00,04:00,09:00,1,Bazar ertəsi,09:00,04:00,04:00,09:00,1,Çərşənbə axşamı,09:00,04:00,04:00,09:00,1,Çərşənbə,09:00,04:00,04:00,09:00,1,Cümə axşamı,09:00,04:00,04:00,09:00,1,Cümə,09:00,04:00,04:00,09:00,1,Şənbə,09:00,04:00,04:00,09:00,1,Bazar,09:00,1398,0,0,1,39.36265821494384,45.07298086197821,Kəngərli şöbəsi,,kengerli-shobesi,B,09:00 - növbəti gün 04:00-ə kimi (19 saat),09:00 - növbəti gün 04:00-ə kimi (19 saat),09:00 - növbəti gün 04:00-ə kimi (19 saat),0
Sədərək Gömrük keçid Məntəqəsi,0,53,23:59,23:59,00:00,1,Bazar ertəsi,00:00,23:59,23:59,00:00,1,Çərşənbə axşamı,00:00,23:59,23:59,00:00,1,Çərşənbə,00:00,23:59,23:59,00:00,1,Cümə axşamı,00:00,23:59,23:59,00:00,1,Cümə,00:00,23:59,23:59,00:00,1,Şənbə,00:00,23:59,23:59,00:00,1,Bazar,00:00,1399,0,0,1,39.66237925904549,44.81220123630025,Sədərək şöbəsi,,sederek-filiali,B,7 gün / 24 saat,7 gün / 24 saat,7 gün / 24 saat,0
Naxçıvan-Sədərək yolu 7-ci km Naxçıvan şəhər Gömrük İdarəsinin daxilində,0,45,19:00,18:00,09:00,1,Bazar ertəsi,09:00,19:00,18:00,09:00,1,Çərşənbə axşamı,09:00,19:00,18:00,09:00,1,Çərşənbə,09:00,19:00,18:00,09:00,1,Cümə axşamı,09:00,19:00,18:00,09:00,1,Cümə,09:00,19:00,18:00,09:00,1,Şənbə,09:00,,,,0,Bazar,,1400,0,0,1,39.2490196,45.3372841,Naxçıvan Gömrük şöbəsi,,naxcivan-gomruk-shobesi,B,09:00-19:00 (Müştərilərə xidmət vaxtı 09:00-18:00),qeyri-iş günü,09:00-19:00 (Müştərilərə xidmət vaxtı 09:00-18:00),0
"Xaçmaz rayonu, Xudat şəhəri, Osman Mirzəyev küçəsi,55",0,28,18:00,17:00,09:00,1,Bazar ertəsi,09:00,18:00,17:00,09:00,1,Çərşənbə axşamı,09:00,18:00,17:00,09:00,1,Çərşənbə,09:00,18:00,17:00,09:00,1,Cümə axşamı,09:00,18:00,17:00,09:00,1,Cümə,09:00,,,,0,Şənbə,,,,,0,Bazar,,1401,0,0,1,41.62971078509723,48.68643880327065,Foodcity filialı,,foodcity-filiali,B,qeyri-iş günü,qeyri-iş günü,09:00-18:00 (Müştərilərə xidmət vaxtı 09:00-17:00),0
"Naxçıvan şəhəri, Naxçıvan ASAN xidmət mərkəzində",0,45,18:30,18:00,09:00,1,Bazar ertəsi,09:00,18:30,18:00,09:00,1,Çərşənbə axşamı,09:00,18:30,18:00,09:00,1,Çərşənbə,09:00,18:30,18:00,09:00,1,Cümə axşamı,09:00,18:30,18:00,09:00,1,Cümə,09:00,16:30,16:00,09:00,1,Şənbə,09:00,16:30,16:00,09:00,1,Bazar,09:00,1402,0,0,1,39.2210045,45.4047089,Naxçıvan şöbəsi,,naxcivan-shobesi,B,09:00-16:30 (Müştərilərə xidmət vaxtı 09:00-16:00),09:00-16:30 (Müştərilərə xidmət vaxtı 09:00-16:00),09:00-18:30 (Müştərilərə xidmət vaxtı 09:00-18:00),0
"Bakı şəhəri, Nəsimi rayonu, Azadlıq prospekti 45, “28 Mall Ticarət Mərkəzi”ndə",0,1,21:45,21:45,10:00,1,Bazar ertəsi,10:00,21:45,21:45,10:00,1,Çərşənbə axşamı,10:00,21:45,21:45,10:00,1,Çərşənbə,10:00,21:45,21:45,10:00,1,Cümə axşamı,10:00,21:45,21:45,10:00,1,Cümə,10:00,21:45,21:45,10:00,1,Şənbə,10:00,21:45,21:45,10:00,1,Bazar,10:00,1403,0,0,1,40.3790148903874,49.84671639465593,"""28 Mall"" filialı",,28-mall-filiali,B,10:00-21:45 (Müştərilərə xidmət vaxtı 10:00-21:45),10:00-21:45 (Müştərilərə xidmət vaxtı 10:00-21:45),10:00-21:45 (Müştərilərə xidmət vaxtı 10:00-21:45),1
"Bakı şəhəri, Xətai rayonu, Ağ Şəhər Fəvvarələr Meydanı, Tikinti sahəsi FS-003 inşa edilən yaşayış kompleksində, O-9/1 kod",0,1,18:00,17:00,09:00,1,Bazar ertəsi,09:00,18:00,17:00,09:00,1,Çərşənbə axşamı,09:00,18:00,17:00,09:00,1,Çərşənbə,09:00,18:00,17:00,09:00,1,Cümə axşamı,09:00,18:00,17:00,09:00,1,Cümə,09:00,,,,0,Şənbə,,,,,0,Bazar,,1404,0,0,1,40.382075331303234,49.88621185236134,"""Ağ şəhər KOB mərkəzi"" filialı",,ag-seher-kob-filiali,B,qeyri-iş günü,qeyri-iş günü,09:00-18:00 (Müştərilərə xidmət vaxtı 09:00-17:00),0
"Bakı şəhəri, Yasamal rayonu, Ə.Ələkbərov küçəsi, 528-ci məhəllə",0,1,19:00,18:00,10:00,1,Bazar ertəsi,10:00,19:00,18:00,10:00,1,Çərşənbə axşamı,10:00,19:00,18:00,10:00,1,Çərşənbə,10:00,19:00,18:00,10:00,1,Cümə axşamı,10:00,19:00,18:00,10:00,1,Cümə,10:00,,,,0,Şənbə,,,,,0,Bazar,,1405,0,0,1,40.36988272352686,49.817830863394555,53 saylı Notariat şöbəsi,,53-sayli-notariat-sobesi,B,qeyri-iş günü,qeyri-iş günü,10:00-19:00 (Müştərilərə xidmət vaxtı 10:00-18:00),0
"Bakı şəhəri, Suraxanı rayonu, Hövsan qəsəbəsi, E.Qasımov küçəsi 15A",0,1,18:00,17:00,09:00,1,Bazar ertəsi,09:00,18:00,17:00,09:00,1,Çərşənbə axşamı,09:00,18:00,17:00,09:00,1,Çərşənbə,09:00,18:00,17:00,09:00,1,Cümə axşamı,09:00,18:00,17:00,09:00,1,Cümə,09:00,18:00,17:00,09:00,1,Şənbə,09:00,,,,0,Bazar,,1406,0,0,1,40.36524262990447,50.075458491283314,35 saylı Notariat şöbəsi,,35-sayli-notariat-shobesi,B,09:00-18:00 (Müştərilərə xidmət vaxtı 09:00-17:00),qeyri-iş günü,09:00-18:00 (Müştərilərə xidmət vaxtı 09:00-17:00),1
"Bakı şəhəri, Sabunçu rayonu, Bakıxanov qəsəbəsi, Park küçəsi 10",0,1,18:00,17:00,09:00,1,Bazar ertəsi,09:00,18:00,17:00,09:00,1,Çərşənbə axşamı,09:00,18:00,17:00,09:00,1,Çərşənbə,09:00,18:00,17:00,09:00,1,Cümə axşamı,09:00,18:00,17:00,09:00,1,Cümə,09:00,18:00,17:00,09:00,1,Şənbə,09:00,,,,0,Bazar,,1408,0,0,1,40.421702609732044,49.96367794540284,16 saylı Notariat şöbəsi,,16-sayli-notariat-shobesi,B,09:00-18:00 (Müştərilərə xidmət vaxtı 09:00-17:00),qeyri-iş günü,09:00-18:00 (Müştərilərə xidmət vaxtı 09:00-17:00),1
"Bakı şəhəri, Nəsimi rayonu, Xan Şuşinski küçəsi 12/54",0,1,19:00,18:00,10:00,1,Bazar ertəsi,10:00,19:00,18:00,10:00,1,Çərşənbə axşamı,10:00,19:00,18:00,10:00,1,Çərşənbə,10:00,19:00,18:00,10:00,1,Cümə axşamı,10:00,19:00,18:00,10:00,1,Cümə,10:00,17:00,16:00,10:00,1,Şənbə,10:00,,,,0,Bazar,,1409,0,0,1,40.393520354288555,49.83828479946745,54 saylı Notariat şöbəsi,,54-sayli-notariat-sobesi,B,10:00-17:00 (Müştərilərə xidmət vaxtı 10:00-16:00),qeyri-iş günü,10:00-19:00 (Müştərilərə xidmət vaxtı 10:00-18:00),1
"Bakı şəhəri, Nərimanov rayonu, H.Əliyev prospekti 72",0,1,18:00,17:00,09:00,1,Bazar ertəsi,09:00,18:00,17:00,09:00,1,Çərşənbə axşamı,09:00,18:00,17:00,09:00,1,Çərşənbə,09:00,18:00,17:00,09:00,1,Cümə axşamı,09:00,18:00,17:00,09:00,1,Cümə,09:00,17:00,16:00,09:00,1,Şənbə,09:00,,,,0,Bazar,,1410,0,0,1,40.399498795811326,49.87691597924971,9 saylı Notariat şöbəsi,,9-sayli-notariat-shobesi,B,09:00-17:00 (Müştərilərə xidmət vaxtı 09:00-16:00),qeyri-iş günü,09:00-18:00 (Müştərilərə xidmət vaxtı 09:00-17:00),1
"Xırdalan şəhəri, M. Ə. Rəsulzadə küç. 3",0,2,19:00,18:00,10:00,1,Bazar ertəsi,10:00,19:00,18:00,10:00,1,Çərşənbə axşamı,10:00,19:00,18:00,10:00,1,Çərşənbə,10:00,19:00,18:00,10:00,1,Cümə axşamı,10:00,19:00,18:00,10:00,1,Cümə,10:00,19:00,18:00,10:00,1,Şənbə,10:00,,,,0,Bazar,,1411,0,0,1,40.4493027,49.7482414,1 saylı Notariat şöbəsi,,1-sayli-notariat-shobesi,B,10:00-19:00 (Müştərilərə xidmət vaxtı 10:00-18:00),qeyri-iş günü,10:00-19:00 (Müştərilərə xidmət vaxtı 10:00-18:00),1
"Bakı şəhəri, Nərimanov rayonu, Azadlıq prospekti, 132",0,1,19:00,18:00,10:00,1,Bazar ertəsi,10:00,19:00,18:00,10:00,1,Çərşənbə axşamı,10:00,19:00,18:00,10:00,1,Çərşənbə,10:00,19:00,18:00,10:00,1,Cümə axşamı,10:00,19:00,18:00,10:00,1,Cümə,10:00,16:00,15:00,10:00,1,Şənbə,10:00,,,,0,Bazar,,1412,0,0,1,40.40464720418882,49.83705393384882,51 saylı Notariat şöbəsi,,51-sayli-notariat-shobesi,B,10:00-16:00 (Müştərilərə xidmət vaxtı 10:00-15:00),qeyri-iş günü,10:00-19:00 (Müştərilərə xidmət vaxtı 10:00-18:00),1
"Bakı şəhəri, Nəsimi rayonu, Hüseyn Seyidzadə küçəsi, 13",0,1,19:00,18:00,10:00,1,Bazar ertəsi,10:00,19:00,18:00,10:00,1,Çərşənbə axşamı,10:00,19:00,18:00,10:00,1,Çərşənbə,10:00,19:00,18:00,10:00,1,Cümə axşamı,10:00,19:00,18:00,10:00,1,Cümə,10:00,19:00,18:00,10:00,1,Şənbə,10:00,,,,0,Bazar,,1413,0,0,1,40.416593914146034,49.8146651496483,32 saylı Notariat şöbəsi,,32-sayli-notariat-shobesi,B,10:00-19:00 (Müştərilərə xidmət vaxtı 10:00-18:00),qeyri-iş günü,10:00-19:00 (Müştərilərə xidmət vaxtı 10:00-18:00),1
"Bakı şəhəri, Binəqədi rayonu, Aydınbəyov küçəsi, 106",0,1,19:00,18:00,10:00,1,Bazar ertəsi,10:00,19:00,18:00,10:00,1,Çərşənbə axşamı,10:00,19:00,18:00,10:00,1,Çərşənbə,10:00,19:00,18:00,10:00,1,Cümə axşamı,10:00,19:00,18:00,10:00,1,Cümə,10:00,16:00,15:00,10:00,1,Şənbə,10:00,,,,0,Bazar,,1414,0,0,1,40.42982735633248,49.84144685638112,26 saylı Notariat şöbəsi,,26-sayli-notariat-shobesi,B,10:00-16:00 (Müştərilərə xidmət vaxtı 10:00-15:00),qeyri-iş günü,10:00-19:00 (Müştərilərə xidmət vaxtı 10:00-18:00),1
"Lənkəran rayonu, Qurumba kəndinə bitişik ərazi, Ələt-Astara yeni avtomobil yolunun 172-ci kilometirliyi (Lənkəran regional ASAN xidmət mərkəzində)",0,41,18:00,18:00,09:00,1,Bazar ertəsi,09:00,18:00,18:00,09:00,1,Çərşənbə axşamı,09:00,18:00,18:00,09:00,1,Çərşənbə,09:00,18:00,18:00,09:00,1,Cümə axşamı,09:00,18:00,18:00,09:00,1,Cümə,09:00,17:00,17:00,09:00,1,Şənbə,09:00,,,,0,Bazar,,1416,0,0,1,38.73027405145033,48.77626394237507,Lənkəran şöbəsi,,branch,B,09:00-17:00,,09:00-18:00,1
"Bakı şəhəri, Yasamal rayonu, İnşaatçılar prospekti, 28A",0,1,19:00,18:00,09:00,1,Bazar ertəsi,09:00,19:00,18:00,09:00,1,Çərşənbə axşamı,09:00,19:00,18:00,09:00,1,Çərşənbə,09:00,19:00,18:00,09:00,1,Cümə axşamı,09:00,19:00,18:00,09:00,1,Cümə,09:00,,,,0,Şənbə,,,,,0,Bazar,,1417,0,0,1,40.37987559086294,49.82159287532155,12 saylı Notariat şöbəsi,,12-sayli-notariat-shobesi,B,qeyri-iş günü,qeyri-iş günü,09:00-19:00 (Müştərilərə xidmət vaxtı 09:00-18:00),1
"Bakı şəhəri, Nizami rayonu, Məhsəti Gəncəvi küçəsi, 31A",0,1,19:00,18:00,10:00,1,Bazar ertəsi,10:00,19:00,18:00,10:00,1,Çərşənbə axşamı,10:00,19:00,18:00,10:00,1,Çərşənbə,10:00,19:00,18:00,10:00,1,Cümə axşamı,10:00,19:00,18:00,10:00,1,Cümə,10:00,19:00,18:00,10:00,1,Şənbə,10:00,19:00,18:00,10:00,1,Bazar,10:00,1418,0,0,1,40.40788814633709,49.936678475796924,15 saylı Notariat şöbəsi,,15-sayli-notariat-shobesi,B,10:00-19:00 (Müştərilərə xidmət vaxtı 10:00-18:00),10:00-19:00 (Müştərilərə xidmət vaxtı 10:00-18:00),"""10:00-19:00 (Müştərilərə xidmət vaxtı 10:00-18:00)",1
"Bakı şəhəri, Yasamal rayonu, Ə.Əhmədov küçəsi, 24A",0,1,19:00,18:00,10:00,1,Bazar ertəsi,10:00,19:00,18:00,10:00,1,Çərşənbə axşamı,10:00,19:00,18:00,10:00,1,Çərşənbə,10:00,19:00,18:00,10:00,1,Cümə axşamı,10:00,19:00,18:00,10:00,1,Cümə,10:00,14:00,14:00,10:00,1,Şənbə,10:00,,,,0,Bazar,,1419,0,0,1,40.39428785345024,49.80336166202685,19 saylı Notariat şöbəsi,,19-sayli-notariat-shobesi,B,10:00-16:00 (Müştərilərə xidmət vaxtı 10:00-15:00),qeyri-iş günü,10:00-19:00 (Müştərilərə xidmət vaxtı 10:00-18:00),1
"Sumqayıt şəhəri, 13-cü mikrorayon, ev 5",0,55,19:00,18:00,10:00,1,Bazar ertəsi,10:00,19:00,18:00,10:00,1,Çərşənbə axşamı,10:00,19:00,18:00,10:00,1,Çərşənbə,10:00,19:00,18:00,10:00,1,Cümə axşamı,10:00,19:00,18:00,10:00,1,Cümə,10:00,,,,0,Şənbə,,19:00,18:00,10:00,1,Bazar,10:00,1420,0,0,1,40.5678444,49.6914482,Sumqayit 1 saylı Notariat şöbəsi,,1-sumqayit-sayli-notariat-shobesi,B,qeyri-iş günü,10:00-19:00 (Müştərilərə xidmət vaxtı 10:00-18:00),10:00-19:00 (Müştərilərə xidmət vaxtı 10:00-18:00),1
"Bakı şəhəri, Nəsimi rayonu, Moskva prospekti 58/1",0,1,19:00,18:00,09:00,1,Bazar ertəsi,09:00,19:00,18:00,09:00,1,Çərşənbə axşamı,09:00,19:00,18:00,09:00,1,Çərşənbə,09:00,19:00,18:00,09:00,1,Cümə axşamı,09:00,19:00,18:00,09:00,1,Cümə,09:00,15:00,14:00,10:00,1,Şənbə,10:00,,,,0,Bazar,,1421,0,0,1,40.40650954852901,49.80698529180758,14 saylı Notariat şöbəsi,,14-sayli-notariat-shobesi,B,10:00-15:00 (Müştərilərə xidmət vaxtı 10:00-14:00),qeyri-iş gün,09:00-19:00 (Müştərilərə xidmət vaxtı 09:00-18:00),1
"Xırdalan şəhəri, Mehdi Hüseynzadə küçəsi, 19B",0,2,18:00,18:00,10:00,1,Bazar ertəsi,10:00,18:00,18:00,10:00,1,Çərşənbə axşamı,10:00,18:00,18:00,10:00,1,Çərşənbə,10:00,18:00,18:00,10:00,1,Cümə axşamı,10:00,18:00,18:00,10:00,1,Cümə,10:00,,,,0,Şənbə,,,,,0,Bazar,,1423,0,0,1,40.341404,49.8357926,2 saylı Notariat şöbəsi,,2-sayli-notariat-shobesi,B,,,10:00-18:00,0
"Laçın şəhəri, Heydər Əliyev küçəsi 87",0,39,18:00,17:00,09:00,1,Bazar ertəsi,09:00,18:00,17:00,09:00,1,Çərşənbə axşamı,09:00,18:00,17:00,09:00,1,Çərşənbə,09:00,18:00,17:00,09:00,1,Cümə axşamı,09:00,18:00,17:00,09:00,1,Cümə,09:00,,,,0,Şənbə,,,,,0,Bazar,,1424,0,0,1,40.10224647658172,47.51856932442378,Laçın filialı,,lachin-filiali,B,qeyri-iş günü,qeyri-iş günü,09:00-18:00 (Müştərilərə xidmət vaxtı 09:00-17:00),0
Xankəndi şəhəri,0,80,18:00,17:00,09:00,1,Bazar ertəsi,09:00,18:00,17:00,09:00,1,Çərşənbə axşamı,09:00,18:00,17:00,09:00,1,Çərşənbə,09:00,18:00,17:00,09:00,1,Cümə axşamı,19:00,18:00,17:00,09:00,1,Cümə,09:00,,,,0,Şənbə,14:00,,,,0,Bazar,,1425,0,0,1,39.816888038836915,46.75264988079478,Xankəndi filialı,,khankendi-filiali,B,qeyri-iş günü,qeyri-iş günü,09:00-18:00 (Müştərilərə xidmət vaxtı 09:00-17:00),0
"Bakı şəhəri, Səbail rayonu, Ə. Yaqubov küçəsi, 2",0,1,19:00,18:00,10:00,1,Bazar ertəsi,10:00,19:00,18:00,10:00,1,Çərşənbə axşamı,10:00,19:00,18:00,10:00,1,Çərşənbə,10:00,19:00,18:00,10:00,1,Cümə axşamı,10:00,19:00,18:00,10:00,1,Cümə,10:00,17:00,16:00,10:00,1,Şənbə,10:00,,,,0,Bazar,,1429,0,0,1,40.341472,49.838354,Bakı 2 saylı Notariat şöbəsi,,2-sayli-notariat-shobesi-287,B,10:00-17:00 (Müştərilərə xidmət vaxtı 10:00-16:00),qeyri-iş günü,10:00-19:00 (Müştərilərə xidmət vaxtı 10:00-18:00),1
Cəbrayıl şəhəri,0,14,18:00,18:00,09:00,1,Bazar ertəsi,09:00,18:00,18:00,09:00,1,Çərşənbə axşamı,09:00,18:00,18:00,09:00,1,Çərşənbə,09:00,18:00,18:00,09:00,1,Cümə axşamı,09:00,18:00,18:00,09:00,1,Cümə,09:00,,,,0,Şənbə,,,,,0,Bazar,,1430,0,0,1,39.4505998462988,48.54316788678726,Cəbrayıl filialı,,cebrayil-filiali,B,,,09:00-18:00,0
"Xaçmaz şəhəri, Nəriman Nərimanov küçəsi ev 70",0,25,18:00,17:00,09:00,1,Bazar ertəsi,09:00,18:00,17:00,09:00,1,Çərşənbə axşamı,09:00,18:00,17:00,09:00,1,Çərşənbə,09:00,18:00,17:00,09:00,1,Cümə axşamı,09:00,18:00,17:00,09:00,1,Cümə,09:00,,,,0,Şənbə,,,,,0,Bazar,,1431,0,0,1,41.460218553760335,48.79761773141673,Xaçmaz Notariat şöbəsi,,xachmaz-notariat-shobesi,B,qeyri-iş günü,qeyri-iş günü,09:00-18:00 (Müştərilərə xidmət vaxtı 09:00-17:00),0
"Sumqayıt şəhəri, 3-cü mikrorayon, H. Əliyev prospekti, 56C",0,55,18:00,17:00,09:00,1,Bazar ertəsi,09:00,18:00,17:00,09:00,1,Çərşənbə axşamı,09:00,18:00,17:00,09:00,1,Çərşənbə,09:00,18:00,17:00,09:00,1,Cümə axşamı,09:00,18:00,17:00,09:00,1,Cümə,09:00,,,,0,Şənbə,,,,,0,Bazar,,1432,0,0,1,40.5847516,49.6704622,4 saylı Notariat şöbəsi,,4-sayli-notariat-sobesi,B,qeyri-iş günü,qeyri-iş günü,09:00-18:00 (Müştərilərə xidmət vaxtı 09:00-17:00),0
"Bakı şəhəri, Nərimanov rayonu, Təbriz küçəsi küçəsi, 227D",0,1,18:00,17:00,09:00,1,Bazar ertəsi,09:00,18:00,17:00,09:00,1,Çərşənbə axşamı,09:00,18:00,17:00,09:00,1,Çərşənbə,09:00,18:00,17:00,09:00,1,Cümə axşamı,09:00,18:00,17:00,09:00,1,Cümə,09:00,,,,0,Şənbə,,,,,0,Bazar,,1433,0,0,1,40.40510032029071,49.875314815239115,21 saylı Notariat şöbəsi,,21-sayli-notariat-sobesi,B,qeyri-iş günü,qeyri-iş günü,09:00-18:00 (Müştərilərə xidmət vaxtı 09:00-17:00),0
"Bakı şəhəri, Yasamal rayonu, Şəfayət Mehdiyev küçəsi, 136/90A",0,1,18:00,17:00,09:00,1,Bazar ertəsi,09:00,18:00,17:00,09:00,1,Çərşənbə axşamı,09:00,18:00,17:00,09:00,1,Çərşənbə,09:00,18:00,17:00,09:00,1,Cümə axşamı,09:00,18:00,17:00,09:00,1,Cümə,09:00,,,,0,Şənbə,,,,,0,Bazar,,1434,0,0,1,40.38678205032994,49.81607473182514,23 saylı Notariat şöbəsi,,notariat-departament-n-23,B,qeyri-iş günü,qeyri-iş günü,09:00-18:00 (Müştərilərə xidmət vaxtı 09:00-17:00),0
Neftçilər prospekti 153,0,1,,,,,,,,,,,,,,,,,,,,,,,,,,,,,,,,,,,,,,,,,,,1435,0,0,1,40.376433833052054,49.86371498807083,Baş Ofis,,birbank-bas-ofis,B,,,,0
Maştağa qəsəbəsi Axund Mirzə Abdulkərim küç. 8.,0,1,19:00,19:00,10:00,1,Bazar ertəsi,10:00,19:00,19:00,10:00,1,Çərşənbə axşamı,10:00,19:00,19:00,10:00,1,Çərşənbə,10:00,19:00,19:00,10:00,1,Cümə axşamı,10:00,19:00,19:00,10:00,1,Cümə,10:00,19:00,19:00,10:00,1,Şənbə,10:00,19:00,19:00,10:00,1,Bazar,10:00,1436,1,0,1,40.529354,49.998302,Maştağa Birbank Rəqəmsal Mərkəz,,birbank-reqemsal-merkez-mastaga,B,10:00-19:00,10:00-19:00,10:00-19:00,1
"Bakı şəhəri, Nəsimi ray. Neftçilər pr. 68",0,1,22:00,22:00,10:00,1,Bazar ertəsi,10:00,22:00,22:00,10:00,1,Çərşənbə axşamı,10:00,22:00,22:00,10:00,1,Çərşənbə,10:00,22:00,22:00,10:00,1,Cümə axşamı,10:00,22:00,22:00,10:00,1,Cümə,10:00,22:00,22:00,10:00,0,Şənbə,10:00,22:00,22:00,10:00,0,Bazar,10:00,1437,1,0,1,40.37423,49.86038,Crescent Mall Birbank Rəqəmsal Mərkəz,,birbank-reqemsal-merkez-crescent,B,10:00 - 22:00,10:00 - 22:00,10:00 - 22:00,1
"Heydər Əliyev pr. 433,  Gəncə Mall -1ci mərtəbə",0,20,22:00,22:00,10:00,1,Bazar ertəsi,10:00,22:00,22:00,10:00,1,Çərşənbə axşamı,10:00,22:00,22:00,10:00,1,Çərşənbə,10:00,22:00,22:00,10:00,1,Cümə axşamı,10:00,22:00,22:00,10:00,1,Cümə,10:00,22:00,22:00,10:00,1,Şənbə,10:00,22:00,22:00,10:00,1,Bazar,10:00,1438,1,0,1,40.677135540326354,46.359483996419655,Gəncə Mall Birbank Rəqəmsal Mərkəz,,birbank-reqemsal-merkez-gence,B,10:00 - 22:00,10:00 - 22:00,10:00 - 22:00,1
"Bakı şəhəri, Nəsimi rayonu, 687-ci məhəllə, Neftçilər prospekti 155",0,1,17:00,17:00,09:00,1,Bazar ertəsi,09:00,17:00,17:00,09:00,1,Çərşənbə axşamı,09:00,17:00,17:00,09:00,1,Çərşənbə,09:00,18:00,17:00,09:00,1,Cümə axşamı,09:00,18:00,17:00,09:00,1,Cümə,09:00,,,,0,Şənbə,,,,,0,Bazar,,1439,0,0,1,40.375883239488815,49.86329061727881,Port Baku filialı,,port-baku-filiali,B,,,09:00-18:00,0
"Bakı şəhəri, Nəsimi rayonu, 687-ci məhəllə, Neftçilər prospekti 155",0,1,18:00,18:00,09:00,1,Bazar ertəsi,09:00,18:00,18:00,09:00,1,Çərşənbə axşamı,09:00,18:00,18:00,09:00,1,Çərşənbə,09:00,18:00,18:00,09:00,1,Cümə axşamı,09:00,18:00,18:00,09:00,1,Cümə,09:00,,,,0,Şənbə,,,,,0,Bazar,,1440,0,0,1,40.37596241531596,49.86352548708362,Fərdi Bankçılıq bölməsi (Port Baku),,private-banking-port-baku,B,,,09:00-18:00,0
"Bakı şəhəri, Nərimanov rayonu, Ü.Bünyadzadə küçəsi 2",0,1,17:00,18:00,09:00,1,Bazar ertəsi,09:00,17:00,18:00,09:00,1,Çərşənbə axşamı,09:00,17:00,18:00,09:00,1,Çərşənbə,09:00,17:00,18:00,09:00,1,Cümə axşamı,09:00,17:00,18:00,09:00,1,Cümə,09:00,16:00,17:00,10:00,1,Şənbə,10:00,,,,0,Bazar,,1442,0,0,1,40.385062178892206,49.85065046848412,13 saylı Notariat şöbəsi,,13-sayli-notariat-shobesi,B,10:00 - 17:00,qeyri-iş günü,09:00-18:00,1
"Bakı şəhəri, Nəsimi rayonu, Seyid Cəfər Pişəvari küçəsi 156A",0,1,19:00,18:00,10:00,1,Bazar ertəsi,10:00,19:00,18:00,10:00,1,Çərşənbə axşamı,10:00,19:00,18:00,10:00,1,Çərşənbə,10:00,19:00,18:00,10:00,1,Cümə axşamı,10:00,19:00,18:00,10:00,1,Cümə,10:00,,18:00,10:00,1,Şənbə,,,,,1,Bazar,,1443,0,0,1,40.40962580870081,49.815461471164525,22 saylı Notariat şöbəsi,,22-sayli-notariat-sobesi,B,,,,0
"Binə qəsəbəsi Hicran Hasılov ev 13, mən 46 (Laçın Marketin qarşısı)",0,1,19:00,19:00,10:00,1,Bazar ertəsi,10:00,19:00,19:00,10:00,1,Çərşənbə axşamı,10:00,,19:00,10:00,1,Çərşənbə,,,19:00,10:00,1,Cümə axşamı,,,19:00,10:00,1,Cümə,,,19:00,10:00,1,Şənbə,,,19:00,10:00,1,Bazar,,1444,1,0,1,40.447706978023305,50.08580236740942,Binə Birbank Rəqəmsal Mərkəz,,bine-reqemsal-merkezi,B,,,,1
"Binəqədi qəsəbəsi, Gülməmməd Ramazanov küç.(Binəqədi Center, 179 saylı məktəb ilə üzbəüz)",0,1,,19:00,10:00,1,Bazar ertəsi,,,07:00,10:00,1,Çərşənbə axşamı,,,19:00,10:00,1,Çərşənbə,,,19:00,10:00,1,Cümə axşamı,,,19:00,10:00,1,Cümə,,,19:00,10:00,1,Şənbə,,,19:00,10:00,1,Bazar,,1445,1,0,1,40.465855364195924,49.82833524103326,Binəqədi Rəqəmsal Mərkəz,,bineqedi-reqemsal-merkez,B,,,,1
"Günəşli qəsəbəsi, Surxay Noçuyev küç. (Ballı Market ilə üzbəüz)",0,1,,19:00,10:00,1,Bazar ertəsi,,,19:00,10:00,1,Çərşənbə axşamı,,,19:00,10:00,1,Çərşənbə,,,19:00,10:00,1,Cümə axşamı,,,19:00,10:00,1,Cümə,,,19:00,10:00,1,Şənbə,,,19:00,10:00,1,Bazar,,1446,1,0,1,40.37647205395877,49.97786761116751,Yeni Günəşli Rəqəmsal Mərkəz,,yeni-gunesli-reqemsal-merkez,B,,,,1
"Sumqayıt şəhəri, Koroğlu prospekti, Giriş 934 A",0,55,,18:00,09:00,1,Bazar ertəsi,,,18:00,09:00,1,Çərşənbə axşamı,,,18:00,09:00,1,Çərşənbə,,,18:00,09:00,1,Cümə axşamı,,,18:00,09:00,1,Cümə,,,,,1,Şənbə,,,15:00,10:00,1,Bazar,,1447,0,0,1,40.56009219864132,49.69668435427424,Sumqayıt 3 saylı Notariat şöbəsi,,sumqayit-3-sayli-notariat-sobesi,B,,,,1
"Qaradağ rayonu, Sahil qəsəbəsi, Bəxtiyar Əliyev 41C",0,1,,19:00,10:00,1,Bazar ertəsi,,,07:00,10:00,1,Çərşənbə axşamı,,,19:00,10:00,1,Çərşənbə,,,19:00,10:00,1,Cümə axşamı,,,19:00,10:00,1,Cümə,,,19:00,10:00,1,Şənbə,,,19:00,10:00,1,Bazar,,1448,1,0,1,40.223317220352726,49.57708981349269,Sahil Birbank Rəqəmsal Mərkəz,,birbank-reqemsal-merkez-sahil,B,,,,1
